id,rank_math_title,rank_math_description,rank_math_focus_keyword
3,Privacy Policy | Max Digital Innovation,"Privacy Policy Max Digital Innovation: Scopri la Privacy Policy di Max Digital Innovation. Trattiamo i tuoi dati con cura, trasparenza e in conformità.",Privacy Policy Max Digital Innovation
10,"Max Digital | Agenzia Marketing, Brand Growth & Contenuti","Agenzia Marketing: Max Digital Innovation: strategia, video, social, branding e web per costruire una presenza digitale riconoscibile, aumentare.",Agenzia Marketing
54,Digital Strategies | Strategie Digitali | Max Digital,"Digital Strategies è il blog di Max Digital Innovation: approfondimenti su strategie digitali, social media, branding, video, web e comunicazione online.",Strategie Digitali
7760,Cookie Policy | Max Digital Innovation,Scopri come Max Digital Innovation utilizza i cookie per migliorare la tua esperienza e garantire la trasparenza. Leggi la nostra Cookie Policy dettagliata.,Cookie Policy
8011,Servizi Digitali per Aziende e Brand | Max Digital,"Scopri i servizi digitali di Max Digital Innovation: web, social, video, e-commerce, branding, digital marketing e soluzioni per far crescere il tuo brand.",servizi digitali
8073,Realizzazione Siti Web Palermo | Max Digital Innovation,"Realizzazione Siti Web Palermo per aziende e professionisti: progettiamo siti web su misura, responsive e ottimizzati per valorizzare il tuo business.",Realizzazione Siti Web Palermo
8089,Gestione Social Media Palermo | Max Digital Innovation,"Gestione Social Media Palermo per aziende e professionisti: strategia, contenuti e piani editoriali per migliorare la presenza online.",Gestione social media
8101,Digital Marketing Palermo | Max Digital Innovation,"Digital Marketing Palermo: strategie SEO, social media e campagne pubblicitarie per aumentare visibilità, contatti e vendite. Scopri come lavoriamo a Palermo.",Digital marketing Palermo
8107,Produzione video Palermo | Max Digital Innovatio,"Produzione Video Palermo per aziende e brand: creiamo Reel, TikTok e Shorts coinvolgenti, dalla strategia alle riprese fino al montaggio.",Produzione video Palermo
8113,Realizzazione E-commerce Palermo | Max Digital Innovation,"Realizzazione E-commerce Palermo per aziende e professionisti: progettiamo shop online su misura, intuitivi e ottimizzati. Scopri come lavoriamo a Palermo.",Realizzazione E-commerce Palermo
8119,Graphic Design Palermo | Max Digital Innovation,"Graphic Design Palermo per aziende e professionisti: creazione loghi, branding, materiali pubblicitari, grafica web e social su misura.",Graphic Design Palermo
8125,Sviluppo CRM e Gestionali Palermo | Max Digital Innovation,"Sviluppo CRM e Gestionali Palermo per aziende: realizziamo soluzioni personalizzate per gestire clienti, vendite e processi in modo più efficiente.",Sviluppo CRM e Gestionali Palermo
8131,Naming Palermo | Servizi di Naming Creativo per Aziende,"Naming Palermo per aziende e prodotti: creiamo nomi originali, memorabili e strategici per valorizzare l’identità del brand e renderlo riconoscibile.",Naming Palermo
8136,Stampe Digitali Palermo e Produzione Pannelli | Max Digital,"Stampe Digitali Palermo: Stampe Digitali e produzione pannelli personalizzati Palermo: soluzioni ad alta risoluzione per comunicazione, promozione.",Stampe Digitali Palermo
8242,Lavora con Noi: Carriere in Max Digital Innovation,"Entra nel team di Max Digital Innovation, un'agenzia di marketing leader. Scopri opportunità di carriera, la nostra cultura aziendale e candidati ora!",Carriere in Max Digital Innovation
436,Innovazione digitale PMI: Guida pratica per le PMI,"Innovazione digitale PMI: Max Digital Innovation guida le PMI verso il successo con soluzioni digitali su misura: siti web, SEO, E-commerce e consulenza.",innovazione digitale PMI
437,Palermo Hub Innovazione Digitale: Max Digital Innovation,"Palermo Hub Innovazione Digitale: Palermo, hub emergente per l'innovazione digitale. Scopri come Max Digital Innovation supporta la crescita del tuo.",Palermo Hub Innovazione Digitale
438,Cybersecurity Aziendale: Protezione Sito Web e Dati Clienti,Max Digital Innovation offre soluzioni di Cybersecurity Aziendale avanzate. Proteggi il tuo sito web e i dati dei clienti da minacce digitali con i nostri.,Cybersecurity Aziendale
439,Strategia marketing digitale: Strategia social che funziona,Strategia marketing digitale: Massimizza il tuo impatto online con Max Digital Innovation. Dal branding strategico al marketing digitale avanzato.,strategia marketing digitale
440,Campagne AI-driven: Campagne che portano clienti,"Scopri come Max Digital Innovation trasforma il futuro digitale con campagne AI-driven, marketing automation e strategie innovative per il tuo successo.",campagne AI-driven
441,Gestione social media: Strategia social che funziona,"Scopri come Max Digital Innovation ottimizza la gestione social media per aziende, creando strategie su misura che aumentano visibilità, engagement.",gestione social media
442,Design Responsive: Successo Online con Max Digital,"Scopri come un design responsive sia cruciale per l'esperienza utente, la SEO e il successo del tuo business. Affidati a Max Digital Innovation.",Design Responsive
443,Sito Web Professionale: Successo Aziendale con Max Digital,"Scopri come un sito web professionale di Max Digital Innovation può trasformare la tua presenza online, migliorare la visibilità e convertire visitatori.",sito web professionale
3987,Strategia comunicazione digitale piccole imprese,Strategia comunicazione digitale piccole imprese: Scopri come creare una strategia di comunicazione digitale vincente per la tua piccola impresa: aumenta.,strategia comunicazione digitale piccole imprese
4083,Reputazione online: perché è importante e come gestirla,Scopri l'importanza della reputazione online per il tuo business. Scopri come lavoriamo a Palermo. Richiedi una consulenza gratuita.,reputazione online
4095,Creare Landing Page Efficaci: Guida Max Digital Innovation,"Creare landing page efficaci: Scopri come Max Digital Innovation a Palermo progetta landing page efficaci per massimizzare le conversioni, acquisire clienti.",creare landing page efficaci
4111,Branded content: Come Raccontare il Tuo Brand con Max,Scopri come il branded content può trasformare la narrazione del tuo brand. Max Digital Innovation a Palermo ti guida nella creazione di storie autentiche.,branded content
4122,Piano di Marketing: Guida Completa per il Successo del Tuo,"Scopri come creare un piano di marketing efficace con Max Digital Innovation. Dalla strategia all'esecuzione, trasforma i tuoi obiettivi in risultati.",piano di marketing
4127,Cookie: Cosa Sono e a Che Servono | Max Digital Innovation,"Cookie cosa sono: Scopri cosa sono i cookie, come funzionano e a cosa servono per la tua azienda. Scopri come lavoriamo a Palermo. Parla con i nostri esperti.",cookie cosa sono
4175,Privacy Policy: Guida Completa per il Tuo Sito Web,Scopri come redigere una Privacy Policy conforme al GDPR per il tuo sito web. Max Digital Innovation ti offre consigli pratici per un documento chiaro.,Privacy Policy
4213,Posizionamento SEO: Guida Completa di Max Digital Innovation,Posizionamento SEO: Migliora il posizionamento del tuo sito su Google con i consigli pratici di Max Digital Innovation. Scopri come lavoriamo a Palermo.,posizionamento SEO
4232,Tipologie di Siti Web: Guida Completa per Imprenditori,Scopri le diverse tipologie di siti web e scegli la soluzione giusta per la tua azienda. Scopri come lavoriamo a Palermo. Richiedi una consulenza gratuita.,tipologie di siti web
4243,TikTok Ads Manager: Guida Completa per le Tue Campagne,Scopri come gestire e ottimizzare le tue campagne TikTok Ads con Max Digital Innovation. La guida completa per massimizzare visibilità e ROI.,TikTok Ads Manager
4249,DEM marketing: Come Usarlo nel 2024 per Massimizzare i,Scopri come il DEM marketing può massimizzare i tuoi risultati nel 2024. Max Digital Innovation ti guida nella creazione di campagne email promozionali.,DEM marketing
4252,E-commerce Palermo: Vendi di più online,"Realizza un e-commerce di successo a Palermo con Max Digital Innovation. Conquista nuovi clienti, espandi il tuo business online e raggiungi i tuoi obiettivi.",e-commerce Palermo
4257,Business Innovation: Cosa Chiede il Mercato Oggi?,Scopri le tendenze della business innovation e come Max Digital Innovation a Palermo aiuta la tua azienda a crescere e adattarsi al mercato attuale.,Business Innovation
4272,Advertising Palermo: Vendi di più online,"Advertising Palermo: Aumenta le vendite del tuo E-commerce a Palermo con strategie di Advertising mirate: Google Ads, Meta Ads e TikTok Ads.",Advertising Palermo
4361,Pubblicizzare azienda Google Palermo: Max Digital Innovation,Pubblicizzare azienda Google Palermo: Scopri 5 strategie efficaci di SEO e Google Ads per promuovere la tua azienda a Palermo su Google.,pubblicizzare azienda Google Palermo
4367,"Siti Web per B&B, Hotel e Strutture Ricettive a Palermo","Massimizza le tue prenotazioni con un sito web professionale per B&B, hotel e strutture ricettive a Palermo. Scopri le nostre soluzioni su misura!",Siti Web per B&B
4373,"Marketing Ristoranti Palermo: Siti Web, SEO e Pubblicità","Max Digital Innovation, agenzia di marketing a Palermo, offre soluzioni complete per ristoranti: siti web, SEO, web marketing e spot pubblicitari.",Marketing Ristoranti Palermo
4381,Sito web essenziale attività: Sito veloce e che converte,Sito web essenziale attività: Scopri perché un sito web professionale è cruciale per il successo della tua attività. Max Digital Innovation a Palermo offre.,sito web essenziale attività
4388,Gestione social media Palermo: Strategia social che funziona,Gestione social media Palermo: Max Digital Innovation offre servizi di gestione social media a Palermo per aziende. Scopri come lavoriamo a Palermo.,gestione social media Palermo
4393,Logo aziendale Palermo: Identità di marca riconoscibile,"Scopri come Max Digital Innovation crea loghi aziendali efficaci a Palermo. Caratteristiche, importanza e processo di design per un brand memorabile.",logo aziendale Palermo
4402,CTA Efficaci: Guida Completa per il Tuo Sito Web a Palermo,CTA Efficaci: Guida Completa per il Tuo Sito Web a Palermo: Scopri come ottimizzare le Call to Action (CTA) per il tuo sito web a Palermo e aumentare.,CTA Efficaci: Guida Completa per il Tuo Sito Web a Palermo
4407,11 Trend E-commerce Marketing 2024: Cresci con Max Digital,Trend E-commerce marketing: Scopri gli 11 trend di E-commerce marketing a Palermo e in Italia per il 2024. Max Digital Innovation offre soluzioni avanzate.,trend e-commerce marketing
4418,Pubblicità su Internet a Palermo: Guida Completa - Max,"Scopri come fare pubblicità su internet a Palermo con Max Digital Innovation. Guida completa per principianti su social media, Google Ads e SEO.",Pubblicità su Internet a Palermo
4431,Campagne pubblicitarie a Palermo: La Soluzione per Far,Max Digital Innovation: la tua agenzia per campagne pubblicitarie a Palermo. Strategie digitali complete per aumentare visibilità e clienti.,campagne pubblicitarie a Palermo
4458,Pubblicità TikTok Palermo: Strategia social che funziona,Pubblicità TikTok Palermo: Max Digital Innovation è la tua agenzia a Palermo per campagne pubblicitarie su TikTok. Scopri come lavoriamo a Palermo.,pubblicità TikTok Palermo
4495,SEO e SEM: Più visibilità su Google | Max Digital Innovation,Scopri le differenze tra SEO e SEM e come Max Digital Innovation può aiutarti a dominare i motori di ricerca con strategie mirate. Parla con i nostri esperti.,SEO e SEM
4510,Web Agency a Palermo: Strategie Digitali per il Tuo Brand,max digital innovation: la tua web agency a Palermo. Scopri come lavoriamo a Palermo. Richiedi una consulenza gratuita. Parla con i nostri esperti.,web agency a Palermo
4520,B2B Palermo digitale: Campagne che portano clienti,"B2B Palermo digitale: Il B2B a Palermo può rivoluzionare la sua strategia digitale. Scopri come le tecniche B2C possono migliorare visibilità, vendite.",B2B Palermo digitale
4527,Content Marketing Palermo: Strategie per Piccole Imprese,Content Marketing Palermo: Max Digital Innovation: scopri strategie di content marketing per piccole imprese a Palermo. Aumenta visibilità e clienti.,Content Marketing Palermo
4586,Web marketing per palestre Palermo: Max Digital Innovation,Web marketing per palestre Palermo: Max Digital Innovation offre strategie di web marketing per palestre e centri sportivi a Palermo.,web marketing per palestre Palermo
4593,Sito web aziendale Palermo: Sito veloce e che converte,Sito web aziendale Palermo: Max Digital Innovation: Scopri perché un sito web aziendale a Palermo è cruciale per la tua crescita. Parla con i nostri esperti.,sito web aziendale Palermo
4599,Agenzia di comunicazione Palermo: Guida pratica per le PMI,Agenzia di comunicazione Palermo: Max Digital Innovation: la tua agenzia di comunicazione a Palermo. Scopri come lavoriamo a Palermo.,agenzia di comunicazione Palermo
4603,E-commerce & IA a Palermo: Max Digital Innovation,Scopri come l'IA sta rivoluzionando l'e-commerce in Italia e a Palermo. Max Digital Innovation realizza piattaforme avanzate per il tuo successo online.,E-commerce & IA a Palermo
4607,Marketing per attività a Palermo: Max Digital Innovation,Marketing per attività a Palermo: Massimizza la visibilità della tua attività a Palermo con strategie di marketing digitale personalizzate. Scopri come Max.,marketing per attività a Palermo
4612,Social Media per E-commerce: Guida Completa | Max Digital,"Trasforma il tuo e-commerce con i social media! Aumenta visibilità e vendite. Max Digital Innovation, la tua web agency a Palermo, ti guida al successo.",Social Media per E-commerce
4620,Marketing Digitale per Concessionarie a Palermo: Guida,"Scopri le strategie di marketing digitale per concessionarie a Palermo. Aumenta visibilità, attira clienti e incrementa le vendite con Max Digital.",marketing digitale per concessionarie a Palermo
4626,Marketing Digitale per Negozi di Abbigliamento a Palermo,Marketing Digitale per Negozi di Abbigliamento a Palermo: Scopri le strategie di marketing digitale di Max Digital Innovation per il tuo negozio.,Marketing Digitale per Negozi di Abbigliamento a Palermo
4631,Web Marketing per Parrucchieri a Palermo | Max Digital,"Scopri le strategie di web marketing per parrucchieri a Palermo. Aumenta visibilità, attira clienti e fai crescere il tuo salone con Max Digital.",web marketing per parrucchieri a Palermo
4635,Salone di Bellezza Palermo: Strategie di Marketing Digitale,Salone di Bellezza Palermo: Strategie di Marketing Digitale: Promuovi il tuo salone di bellezza a Palermo con Max Digital Innovation. Strategie SEO locale.,Salone di Bellezza Palermo: Strategie di Marketing Digitale
4640,Pubblicizzare ottica Palermo: Guida pratica per le PMI,"Scopri strategie efficaci per pubblicizzare la tua ottica a Palermo. Aumenta visibilità, attira clienti e promuovi i tuoi prodotti con Max Digital Innovation.",pubblicizzare ottica Palermo
4678,Pubblicità Pizzeria Palermo: Strategie Marketing Efficaci,Pubblicità Pizzeria Palermo: Scopri come pubblicizzare la tua pizzeria a Palermo con strategie di marketing digitale efficaci. Aumenta visibilità e attira.,Pubblicità Pizzeria Palermo
4686,Marketing per pub a Palermo: Campagne che portano clienti,Marketing per pub a Palermo: Massimizza la visibilità del tuo pub a Palermo con le strategie di marketing digitale di Max Digital Innovation.,marketing per pub a Palermo
4695,Pubblicizzare Panineria Palermo: Strategie Max Digital,"Pubblicizzare Panineria Palermo: Scopri come Max Digital Innovation può aiutarti a pubblicizzare la tua panineria a Palermo con strategie social, eventi.",Pubblicizzare Panineria Palermo
4704,Marketing per Hamburgerie a Palermo: Strategie Vincenti,"Marketing per Hamburgerie a Palermo: Max Digital Innovation rivoluziona il marketing per la tua hamburgeria a Palermo, aumentando visibilità, engagement.",Marketing per Hamburgerie a Palermo
4710,Brand Strategy di Successo: Distinguersi con Max Digital,Scopri i passi fondamentali per una brand strategy di successo a Palermo con Max Digital Innovation. Costruisci un'identità forte e aumenta la tua.,Brand Strategy di Successo
4715,Brand Identity di Successo: Differenziati con Max Digital,Costruisci una brand identity forte e distintiva a Palermo con Max Digital Innovation. Scopri come lavoriamo a Palermo. Richiedi una consulenza gratuita.,brand identity
4721,Trend Digitali: Agenzia di Marketing a Palermo per la Tua,"Agenzia di marketing a Palermo: Max Digital Innovation a Palermo ti aiuta a restare al passo con i trend digitali. Strategie su misura, siti web, social.",agenzia di marketing a Palermo
4730,Realizzazione E-commerce Palermo: Vendi di più online,"Scopri come Max Digital Innovation realizza e-commerce a Palermo, espandendo la tua attività online. Soluzioni personalizzate per il tuo successo digitale.",realizzazione e-commerce Palermo
4740,Vendita online a Palermo: Strategia social che funziona,Max Digital Innovation trasforma i tuoi social in una vetrina di successo per la vendita online a Palermo. Aumenta visibilità e conversioni con strategie.,vendita online a Palermo
4746,Sito Web per Artisti a Palermo: Vetrina Online con Max,"Valorizza la tua arte con un sito web professionale a Palermo. Max Digital Innovation crea portfoli online su misura per artisti, gallerie e creativi.",Sito Web per Artisti a Palermo
4751,Costo sito web Palermo: Sito veloce e che converte,Costo sito web Palermo: Scopri il costo di un sito web a Palermo nel 2024. Max Digital Innovation offre soluzioni personalizzate per siti vetrina.,costo sito web Palermo
4759,Local SEO Palermo: Più visibilità su Google,Local SEO Palermo: Scopri come la Local SEO a Palermo può trasformare la visibilità del tuo business. Max Digital Innovation è la tua agenzia per eccellenza.,Local SEO Palermo
4765,Mobile marketing Palermo: Campagne che portano clienti,Mobile marketing Palermo: Scopri come Max Digital Innovation ti aiuta a dominare il mobile marketing a Palermo. Scopri come lavoriamo a Palermo.,mobile marketing Palermo
4772,Marketing arredamento Palermo: Strategia social che funziona,"Marketing arredamento Palermo: Max Digital Innovation, agenzia a Palermo, potenzia la tua azienda di arredamento con strategie di Social Media Marketing.",marketing arredamento Palermo
4777,Web design Palermo: Sito veloce e che converte,"Web design Palermo: Scopri l'evoluzione del web design e come Max Digital Innovation, web agency a Palermo, può creare un sito web professionale.",web design Palermo
4783,Marketing esperienziale Palermo: Max Digital Innovation,Scopri il potere del marketing esperienziale a Palermo con Max Digital Innovation. Crea connessioni profonde e memorabili con il tuo pubblico.,marketing esperienziale Palermo
4789,Creare Siti Web Professionali a Palermo: Guida Completa,"Scopri come Max Digital Innovation realizza siti web professionali e di qualità a Palermo, ottimizzati per la visibilità e il successo della tua azienda.",Creare Siti Web Professionali a Palermo
4794,Agenzia Pubblicitaria Palermo: Guida alla Scelta Ideale,Agenzia pubblicitaria Palermo: Scopri come scegliere l'agenzia pubblicitaria ideale a Palermo per la tua azienda. Scopri come lavoriamo a Palermo.,agenzia pubblicitaria Palermo
4807,Migliora Visibilità Sito Web: 10 Strategie SEO Vincenti,Migliora Visibilità Sito Web: Scopri 10 strategie SEO efficaci per migliorare la visibilità del tuo sito web a Palermo. Aumenta il traffico e raggiungi.,Migliora Visibilità Sito Web
4812,Web agency a Palermo: per creare un sito professionale,"Max Digital Innovation: la tua web agency a Palermo per creare siti web professionali, ottimizzare la SEO e gestire i social media. Raggiungi nuovi clienti!",web agency a Palermo
4818,Digital Agency a Palermo: La Soluzione Completa per la Tua,Digital Agency a Palermo: Max Digital Innovation ti aiuta a costruire una presenza online professionale. Scopri i nostri servizi. Parla con i nostri esperti.,Digital Agency a Palermo
4823,Video aziendale Palermo: Video che fanno crescere il brand,"Scopri come creare un video aziendale efficace, coinvolgente e professionale a Palermo con Max Digital Innovation. Migliora la tua visibilità e comunicazione.",video aziendale Palermo
4829,Azienda digitale Palermo: Guida pratica per le PMI,Azienda digitale Palermo: Trasforma la tua attività in un'azienda digitale a Palermo con Max Digital Innovation. Scopri come lavoriamo a Palermo.,azienda digitale Palermo
4835,Migliorare reputazione brand a Palermo,Migliorare reputazione brand a Palermo: Migliorare la reputazione del tuo brand a Palermo: scopri come Max Digital Innovation può aiutarti con strategie.,Migliorare reputazione brand a Palermo
4844,Creazione Sito Web a Palermo: Sito veloce e che converte,Creazione sito web a Palermo: scopri come Max Digital Innovation può aiutarti a realizzare un sito efficace e personalizzato. Scopri come lavoriamo a Palermo.,Creazione Sito Web a Palermo
4849,Sito Web Accessibile: Guida Completa | Max Digital,Scopri l'importanza di un sito web accessibile. Max Digital Innovation ti guida nella creazione di siti inclusivi e professionali a Palermo.,Sito Web Accessibile
4855,Privacy Policy Sito Web: Guida Completa e Conformità GDPR,Scopri cos'è e come scrivere una Privacy Policy sito web a Palermo conforme al GDPR. Scopri come lavoriamo a Palermo. Richiedi una consulenza gratuita.,privacy policy sito web
4860,Siti Web Efficaci a Palermo: Le 11 Regole di Max Digital,"Scopri le 11 regole essenziali per creare siti web efficaci a Palermo con Max Digital Innovation. Ottimizza design, SEO e user experience per convertire.",Siti Web Efficaci a Palermo
4866,Struttura Sito Web Efficace: Guida Completa | Max Digital,Struttura sito web: Scopri come creare un sito web a Palermo con un'architettura efficace. Max Digital Innovation ti guida nella progettazione per SEO e UX.,struttura sito web
4872,Web reputation: Sito veloce e che converte,"Scopri strategie avanzate per costruire, gestire e misurare la tua web reputation. Scopri come lavoriamo a Palermo. Richiedi una consulenza gratuita.",web reputation
4882,Web marketing hotel Palermo: Campagne che portano clienti,Web marketing hotel Palermo: Trasforma il tuo hotel a Palermo in una destinazione ambita con le strategie di web marketing turistico di Max Digital.,web marketing hotel Palermo
4888,Google AI Search Palermo: Più visibilità su Google,Scopri come Google AI Search rivoluziona il marketing. Max Digital Innovation ti guida a sfruttare l'AI per la visibilità del tuo business a Palermo.,Google AI Search Palermo
4893,Aumentare Vendite eCommerce Palermo | Max Digital Innovation,Aumentare Vendite eCommerce Palermo: Non soddisfatto delle vendite eCommerce a Palermo? Max Digital Innovation ottimizza il tuo E-commerce con strategie.,Aumentare Vendite eCommerce Palermo
4898,Prima Pagina Google: Miti e Verità SEO | max digital,Prima Pagina Google: Scopri le verità dietro i miti SEO più diffusi e le strategie efficaci di max digital innovation per raggiungere la prima pagina.,Prima Pagina Google
4903,Marketing Enoteca Palermo: Strategie di Successo | Max,Marketing Enoteca Palermo: Massimizza la visibilità e le vendite della tua enoteca a Palermo con le strategie di marketing digitale e tradizionale di Max.,Marketing Enoteca Palermo
4912,Marketing Fast Food Palermo: Strategie Vincenti per il Tuo,Massimizza visibilità e vendite del tuo fast food a Palermo. Strategie di marketing mirate di Max Digital Innovation per attrarre e fidelizzare clienti.,Marketing Fast Food Palermo
4917,Gestione social media Palermo: Strategia social che funziona,Gestione social media Palermo: Migliora la tua presenza online con la gestione social media professionale di Max Digital Innovation a Palermo.,gestione social media Palermo
4924,Marketing e pubblicità Palermo: Campagne che portano clienti,Marketing e pubblicità Palermo: Scopri tutti i tipi di marketing e pubblicità a Palermo per far crescere la tua attività. Scopri come lavoriamo a Palermo.,marketing e pubblicità Palermo
4930,Aprire Attività a Palermo: Guida Completa con Max Digital,"Aprire Attività a Palermo: Vuoi avviare un'attività a Palermo? Scopri come Max Digital Innovation ti supporta con strategie di marketing, branding.",Aprire Attività a Palermo
4935,Agenzia di Marketing a Palermo | Max Digital Innovation,Max Digital Innovation è la tua agenzia di marketing a Palermo. Scopri come lavoriamo a Palermo. Richiedi una consulenza gratuita. Parla con i nostri esperti.,agenzia di marketing a Palermo
4940,Costo Cartello Pubblicitario a Palermo | Max Digital,Costo Cartello Pubblicitario a Palermo: Scopri quanto costa realizzare un cartello pubblicitario a Palermo. Max Digital Innovation offre soluzioni su misura.,Costo Cartello Pubblicitario a Palermo
4947,Come indicizzare un sito web: Sito veloce e che converte,Scopri come indicizzare un sito web con la guida completa di Max Digital Innovation. Scopri come lavoriamo a Palermo. Richiedi una consulenza gratuita.,come indicizzare un sito web
4952,Come Sponsorizzare Progetto Artistico: Strategie Vincenti,Sponsorizzare progetto artistico: Scopri le strategie più efficaci per sponsorizzare il tuo progetto artistico. Scopri come lavoriamo a Palermo.,sponsorizzare progetto artistico
4957,Sponsor affidabile Palermo: Guida pratica per le PMI,Sponsor affidabile Palermo: Scopri come trovare uno sponsor affidabile a Palermo per il tuo progetto. Scopri come lavoriamo a Palermo.,sponsor affidabile Palermo
4963,Marketing Imprese Edili Palermo: Max Digital Innovation,"Scopri come Max Digital Innovation può rivoluzionare il marketing per la tua impresa edile a Palermo. Aumenta visibilità, reputazione e contatti qualificati.",Marketing Imprese Edili Palermo
4970,Web agency a Palermo: La Guida Completa per Far Crescere la,"Scopri come Max Digital Innovation, web agency a Palermo, può far crescere la tua attività online con servizi di creazione siti. Parla con i nostri esperti.",web agency a Palermo
4976,Web agency SEO Palermo: Sito veloce e che converte,"Web agency SEO Palermo: Migliora il tuo posizionamento online con Max Digital Innovation, la tua web agency SEO a Palermo. Scopri come lavoriamo a Palermo.",Web agency SEO Palermo
4982,Web Agency Palermo Immobiliare: Max Digital Innovation,"Web Agency Palermo Immobiliare: Max Digital Innovation: la tua web agency a Palermo per il settore immobiliare. Aumenta visibilità, vendite e credibilità.",Web Agency Palermo Immobiliare
4987,Web agency startup Palermo: Guida pratica per le PMI,Web agency startup Palermo: La tua startup a Palermo merita il successo digitale. Scopri come lavoriamo a Palermo. Richiedi una consulenza gratuita.,web agency startup Palermo
4993,Web agency E-commerce Palermo: Vendi di più online,Web agency E-commerce Palermo: Max Digital Innovation è la tua web agency per E-commerce a Palermo. Scopri come lavoriamo a Palermo.,web agency e-commerce Palermo
4999,Web Agency Palermo Eventi: Guida pratica per le PMI,"Web Agency Palermo Eventi: Max Digital Innovation, Web Agency a Palermo, offre strategie digitali su misura per eventi. Scopri come lavoriamo a Palermo.",Web Agency Palermo Eventi
5004,Web agency locale Palermo: Guida pratica per le PMI,"Web agency locale Palermo: Max Digital Innovation, web agency locale a Palermo, ti aiuta a conquistare il pubblico della città con strategie su misura, SEO.",web agency locale Palermo
5010,Pubblicità digitale Palermo: Guida pratica per le PMI,Pubblicità digitale Palermo: Massimizza la visibilità della tua attività a Palermo con la pubblicità digitale di Max Digital Innovation.,pubblicità digitale Palermo
5015,Siti web professionali Palermo: Sito veloce e che converte,Siti web professionali Palermo: Max Digital Innovation è la tua agenzia a Palermo per siti web professionali. Scopri come lavoriamo a Palermo.,siti web professionali Palermo
5022,Marketing Negozi Giocattoli Palermo: Strategie Vincenti,Marketing negozi giocattoli Palermo: Trasforma il tuo negozio di giocattoli a Palermo in un punto di riferimento! Scopri le strategie di marketing su misura.,marketing negozi giocattoli Palermo
5027,Marketing per Farmacie a Palermo: Visibilità e Clienti,Aumenta la visibilità e fidelizza i clienti con strategie di marketing per farmacie a Palermo. Max Digital Innovation è il tuo partner.,marketing per farmacie a Palermo
5035,Marketing digitale Palermo: Campagne che portano clienti,"Max Digital Innovation: la tua agenzia di marketing digitale a Palermo. Scopri strategie su misura per visibilità, clienti e crescita del tuo business online.",marketing digitale Palermo
5043,Cosa si intende per sito web: Sito veloce e che converte,"Cosa si intende per sito web: Scopri cos'è un sito web, la sua importanza strategica per la tua attività e come Max Digital Innovation può aiutarti a creare.",cosa si intende per sito web
5049,Siti Web Più Visitati: Guida Completa e Strategie SEO | Max,Scopri quali sono i siti web più visitati al mondo e come Max Digital Innovation può aiutarti a sfruttare queste piattaforme per la crescita del tuo.,siti web più visitati
5054,Tipi di Siti Web: Guida Completa per la Tua Presenza Online,"Scopri i diversi tipi di siti web (vetrina, E-commerce, blog) e scegli quello giusto per te. Scopri come lavoriamo a Palermo. Parla con i nostri esperti.",tipi di siti web
5059,Chi crea un sito web: Sito veloce e che converte,"Chi crea un sito web: Scopri chi è il web developer, il professionista che crea siti web, e come Max Digital Innovation può realizzare la tua presenza.",chi crea un sito web
5065,Cosa fa una web agency: Identità di marca riconoscibile,"Scopri cosa fa una web agency e come Max Digital Innovation a Palermo offre soluzioni su misura per siti web, SEO, marketing digitale e E-commerce. Guida.",cosa fa una web agency
5070,Web agency Italia: Guida pratica per le PMI,"Web agency Italia: Scopri quante web agency operano in Italia, i servizi offerti e come Max Digital Innovation a Palermo può far crescere la tua.",web agency Italia
5075,Quanto guadagna web agency: Guida pratica per le PMI,"Quanto guadagna web agency: Scopri quanto guadagna una web agency in Italia, i fattori chiave che influenzano i ricavi e le strategie per massimizzare.",quanto guadagna web agency
5081,Chi lavora in una web agency: Max Digital Innovation,"Scopri chi lavora in una web agency, dai ruoli tecnici AI creativi e strategici. Il team di Max Digital Innovation a Palermo offre expertise completa.",chi lavora in una web agency
5086,Cos'è un'agency: Identità di marca riconoscibile,"Scopri cos'è un'agency, i suoi servizi chiave e i diversi tipi esistenti. Scopri come lavoriamo a Palermo. Richiedi una consulenza gratuita.",cos'è un'agency
5091,Cosa si intende per Pubblicità: Guida Completa per Aziende,"Scopri cosa si intende per pubblicità, le sue tipologie e obiettivi. Max Digital Innovation ti guida nel mondo del marketing per il successo della tua.",cosa si intende per pubblicità
5096,Come farsi pubblicità gratis: Strategia social che funziona,Scopri come farsi pubblicità gratis con strategie efficaci per migliorare la visibilità della tua attività. Scopri come lavoriamo a Palermo.,come farsi pubblicità gratis
5101,Compito della Pubblicità: Obiettivi e Valore | Max Digital,Scopri il vero compito della pubblicità e come Max Digital Innovation ti aiuta a definire strategie efficaci per raggiungere i tuoi.,compito della pubblicità
5106,Costi Agenzia di Comunicazione: Guida Completa | Max,"Costi Agenzia di Comunicazione: Scopri quanto costa un'agenzia di comunicazione, i fattori che influenzano i prezzi e le tariffe medie per i servizi chiave.",Costi Agenzia di Comunicazione
5112,Agenzia di Marketing: Servizi e Strategie | Max Digital,"Scopri cosa fa un'agenzia di marketing, i servizi offerti e come Max Digital Innovation a Palermo può far crescere il tuo business con strategie digitali.",agenzia di marketing
5119,Azienda di marketing: Identità di marca riconoscibile,Scopri cos'è un'azienda di marketing e come Max Digital Innovation può potenziare la tua crescita. Strategie su misura per visibilità e successo. Contattaci!,azienda di marketing
5130,Marketing a Palermo: Identità di marca riconoscibile,"Scopri i 3 tipi di marketing essenziali a Palermo: tradizionale, digitale e di prossimità. Max Digital Innovation ti guida al successo locale.",marketing a Palermo
5135,Che lavoro fa il marketing: Campagne che portano clienti,"Scopri che lavoro fa il marketing e come trasforma il tuo business. Max Digital Innovation offre strategie su misura per te, dalla SEO ai social media.",che lavoro fa il marketing
5142,Ottima pubblicità: Campagne che portano clienti,Scopri come fare un'ottima pubblicità con strategie personalizzate. Max Digital Innovation ti guida a raggiungere il tuo pubblico ideale per risultati.,ottima pubblicità
5149,Pubblicità a basso costo: Strategia social che funziona,Scopri dove fare pubblicità a basso costo con strategie economiche e canali efficaci. Scopri come lavoriamo a Palermo. Richiedi una consulenza gratuita.,pubblicità a basso costo
5157,Pubblicità Efficace: Strategie per il Tuo Business | max,Scopri quale pubblicità funziona di più per il tuo business con le strategie di max digital innovation. Analisi e consigli per le tue campagne.,Pubblicità Efficace: Strategie per il Tuo Business
5163,Come Iniziare Digital Marketing: Guida Completa | Max,Come Iniziare Digital Marketing: Vuoi emergere online? Scopri come iniziare a fare digital marketing con la guida pratica di Max Digital Innovation.,Come Iniziare Digital Marketing
5168,Portfolio Fotografico Online: Guida Completa per Fotografi,Scopri come creare un portfolio fotografico online efficace a Palermo e oltre. Max Digital Innovation ti guida per valorizzare il tuo talento e attrarre.,portfolio fotografico online
5174,Rispondere alle recensioni con l'AI: la nuova frontiera,Scopri come l'AI rivoluziona la gestione delle recensioni online. Migliora la reputazione aziendale e l'interazione con i clienti con Max Digital Innovation.,rispondere alle recensioni con l'AI
5180,"Focus group: cos’è, a che serve e come farlo al meglio","Scopri cos'è un focus group, a cosa serve e come organizzarlo al meglio per ottenere insight preziosi. Scopri come lavoriamo a Palermo.",focus group
5185,Creare Sondaggi Online Efficaci | Max Digital Innovation,Scopri come creare sondaggi online efficaci e diffonderli al tuo pubblico per raccogliere dati preziosi. Scopri come lavoriamo a Palermo.,creare sondaggi online
5191,Ridurre peso foto: Sito veloce e che converte,Ridurre peso foto: Scopri come ridurre il peso delle foto senza perdere qualità. Scopri come lavoriamo a Palermo. Richiedi una consulenza gratuita.,ridurre peso foto
5197,Ufficio di Comunicazione: Ruolo e Importanza per il,"Scopri cosa fa un ufficio di comunicazione, le sue attività chiave e perché è fondamentale per la crescita e la reputazione aziendale.",ufficio di comunicazione
5202,Chi si occupa di comunicazione: Guida pratica per le PMI,"Scopri chi si occupa di comunicazione in azienda e nel digitale: ruoli, competenze e importanza strategica. Scopri come lavoriamo a Palermo.",chi si occupa di comunicazione
5208,Trova l'Agenzia di Comunicazione Giusta: Guida Completa,Scopri come scegliere l'agenzia di comunicazione ideale per la tua azienda. Consigli pratici e strategie efficaci per un partner di successo con Max.,agenzia di comunicazione
5213,Scegliere Agenzia Comunicazione: Partner Ideale Business,Guida completa per scegliere l'agenzia di comunicazione giusta. Scopri come Max Digital Innovation può elevare il tuo brand con strategie personalizzate.,Scegliere Agenzia Comunicazione
5219,Test A/B conversioni: Sito veloce e che converte,Scopri come i Test A/B possono trasformare le tue campagne digitali. Max Digital Innovation ti guida con strategie pratiche per ottimizzare conversioni.,Test A/B conversioni
5224,Podcast Aziendale: Guida Completa al Brand Positioning,"Scopri come creare un podcast aziendale efficace con Max Digital Innovation per rafforzare il tuo brand, attrarre clienti e posizionarti come leader.",podcast aziendale
5229,Sponsor ideale per la tua startup: Guida pratica per le PMI,Sponsor ideale per la tua startup: Scopri come individuare il co-founder ideale e lo sponsor perfetto per la tua startup. Strategie e consigli pratici.,sponsor ideale per la tua startup
5235,Formati banner: Campagne che portano clienti,Scopri i migliori formati banner per massimizzare l'efficacia delle tue campagne pubblicitarie. Scopri come lavoriamo a Palermo. Parla con i nostri esperti.,formati banner
5240,Crescere su Instagram: 8 Tattiche Algoritmo e Engagement,"Crescere su Instagram: Scopri 8 tattiche efficaci per far crescere il tuo profilo Instagram, sfruttare l'algoritmo e aumentare l'engagement. Consigli.",Crescere su Instagram
5247,TikTok adv o Instagram adv: Strategia social che funziona,TikTok adv o Instagram adv? Scopri quale piattaforma è la migliore per le tue campagne e come Max Digital Innovation ti aiuta a raggiungere i tuoi.,TikTok adv o Instagram adv
5254,Micro Influencer per Aziende: Guida Max Digital Innovation,Micro Influencer per Aziende: Scopri come i micro influencer possono trasformare il marketing online della tua azienda. Max Digital Innovation ti guida.,Micro Influencer per Aziende
5259,Black Friday 2024 Palermo E-commerce: Vendi di più online,Black Friday 2024 Palermo E-commerce: Prepara il tuo E-commerce a Palermo per il Black Friday 2024 con Max Digital Innovation. Parla con i nostri esperti.,Black Friday 2024 Palermo e-commerce
5264,TikTok E-commerce a Palermo: Vendi di più online,Scopri come integrare TikTok E-commerce a Palermo nel tuo business. Max Digital Innovation sfrutta TikTok per aumentare le vendite.,TikTok E-commerce a Palermo
5270,Feedback Clienti: Migliora il Tuo Business con Max Digital,Scopri come il feedback dei clienti è cruciale per la crescita. Max Digital Innovation ti guida a raccoglierlo e usarlo per un successo duraturo.,feedback clienti
5275,Gen Z: Strategie di Marketing per il Nuovo Percorso,Gen Z: Strategie di Marketing per il Nuovo Percorso: Scopri come la Gen Z sta ridefinendo il percorso d'acquisto e adatta la tua strategia di marketing.,Gen Z: Strategie di Marketing per il Nuovo Percorso
5281,Marketing sostenibile Palermo: Campagne che portano clienti,"Marketing sostenibile Palermo: Scopri il marketing sostenibile a Palermo con Max Digital Innovation. Strategie, vantaggi e come integrare la sostenibilità.",marketing sostenibile Palermo
5286,Video Verticali: Strategia Social per il Tuo Marketing,Scopri come i video verticali di Max Digital Innovation possono rivoluzionare la tua strategia social. Ottimizza engagement e visibilità del tuo brand.,Video Verticali: Strategia Social per il Tuo Marketing
5291,Video marketing: cos’è e perché dovresti farlo,"Scopri il potere del video marketing con Max Digital Innovation. Aumenta l'engagement, le conversioni e la visibilità del tuo brand.",video marketing
5296,Visual Storytelling: Guida Completa per il Tuo Brand - Max,"Scopri il potere del Visual Storytelling con Max Digital Innovation. Migliora la tua strategia di marketing, coinvolgi il pubblico e rafforza il tuo brand.",visual storytelling
5297,Vantaggi di scegliere una web agency: Max Digital Innovation,"Scopri i vantaggi di una web agency per il tuo business. Soluzioni digitali su misura, aumento visibilità e ROI con Max Digital Innovation a Palermo.",vantaggi di scegliere una web agency
5303,Diario web agency: Guida pratica per le PMI,"Diario web agency: Scopri il diario segreto di Max Digital Innovation, la web agency di Palermo. Storie di successi digitali, strategie innovative.",diario web agency
5308,Laboratorio Creativo Max Digital Innovation: Idee e Successo,Laboratorio Creativo Max Digital Innovation: Scopri come Max Digital Innovation trasforma le tue idee in soluzioni digitali di successo. Innovazione.,Laboratorio Creativo Max Digital Innovation
5313,Web agency e intelligenza artificiale,Scopri come l’integrazione tra web agency e intelligenza artificiale sta rivoluzionando il marketing digitale e migliorando le strategie.,Web agency e intelligenza artificiale
5318,Siti web del futuro: Sito veloce e che converte,"Scopri come saranno i siti web del futuro nel 2050: esperienze immersive, intelligenza artificiale e sostenibilità cambieranno il nostro modo.",Siti web del futuro
5323,"Siti web: design, anima e identità digitale unica | Max","Siti web: design: Max Digital Innovation crea siti web con personalità: design unico, contenuti autentici e un'identità digitale che cattura l'attenzione.",Siti web: design
5328,Sicurezza Siti Web: Proteggi i Tuoi Dati con Max Digital,"Sicurezza Siti Web: Scopri come Max Digital Innovation protegge i tuoi dati online. Esplora le minacce, gli strumenti di protezione e l'importanza.",Sicurezza Siti Web
5337,Siti web intelligenti: come reagiscono AI tuoi bisogni,"Scopri come i siti web intelligenti di Max Digital Innovation, con AI e algoritmi predittivi, trasformano l'esperienza online, adattandosi AI bisogni.",siti web intelligenti
5342,Siti web che funzionano: Sito veloce e che converte,"Siti web che funzionano: Scopri come Max Digital Innovation crea siti web che conquistano: design unico, SEO avanzato, strategie di marketing e UX.",siti web che funzionano
5351,Agenzia di Comunicazione Digitale: Il Futuro della,"Scopri come un'agenzia di comunicazione digitale come Max Digital Innovation può rivoluzionare la tua presenza online con strategie SEO, social media.",agenzia di comunicazione digitale
5357,Agenzia di comunicazione creativa: idee e strategie per il,Max Digital Innovation: la tua agenzia di comunicazione creativa a Palermo. Scopri idee e strategie per un branding efficace e campagne digitali di successo.,agenzia di comunicazione creativa
5362,Agenzia Comunicazione Visiva: Strategie per Catturare,"Agenzia comunicazione visiva: Scopri come Max Digital Innovation, agenzia di comunicazione visiva a Palermo, crea strategie visive vincenti per distinguere.",agenzia comunicazione visiva
5367,Agenzia di Comunicazione Strategica: Guida al Successo,Scopri come un'agenzia di comunicazione strategica come Max Digital Innovation può guidarti verso il successo con strategie personalizzate e risultati.,agenzia di comunicazione strategica
5372,Agenzia di comunicazione per eventi: trasformare ogni,"Trasforma i tuoi eventi in successi memorabili con Max Digital Innovation, agenzia di comunicazione per eventi. Strategie creative e promozione.",agenzia di comunicazione per eventi
5377,Agenzia di comunicazione per E-commerce: vendere di più,"Max Digital Innovation, agenzia di comunicazione per e-commerce, ti aiuta a vendere di più online con strategie digitali personalizzate e innovative.",agenzia di comunicazione per e-commerce
5382,Agenzia Comunicazione Video: Marketing Visivo | Max Digital,"Scopri come Max Digital Innovation, agenzia di comunicazione video a Palermo, trasforma la tua storia in contenuti visivi coinvolgenti e di successo.",agenzia comunicazione video
5395,Come raggiungere il proprio pubblico: Max Digital Innovation,Come raggiungere il proprio pubblico: Scopri come max digital innovation ti aiuta a raggiungere il tuo pubblico ideale con strategie di marketing.,come raggiungere il proprio pubblico
5401,Social media manager Palermo: Strategia social che funziona,Social media manager Palermo: Scopri come un social media manager a Palermo può trasformare la tua presenza online. Scopri come lavoriamo a Palermo.,social media manager Palermo
5406,Strategia digitale efficace: Guida pratica per le PMI,Strategia digitale efficace: Scopri come strutturare una strategia digitale vincente per la tua attività con Max Digital Innovation.,strategia digitale efficace
5411,Migliorare indicizzazione Google: Sito veloce e che converte,Scalare la SERP con Max Digital Innovation. Scopri strategie SEO avanzate per migliorare l'indicizzazione su Google e aumentare la tua visibilità online.,migliorare indicizzazione google
5416,Packaging Efficace: Guida Completa | Max Digital Innovation,"Scopri come progettare un packaging efficace che valorizzi il tuo prodotto, attragga clienti e comunichi i valori del tuo brand. Guida completa di Max.",packaging efficace
5421,Agenzia di comunicazione e storytelling,"Scopri come max digital innovation, agenzia di comunicazione e storytelling a Palermo, trasforma i tuoi messaggi in storie. Scopri come lavoriamo a Palermo.",agenzia di comunicazione e storytelling
5437,Agenzia di comunicazione per il lusso,"max digital innovation, agenzia di comunicazione per il lusso, crea strategie esclusive per brand premium. Scopri storytelling, design e digital marketing.",agenzia di comunicazione per il lusso
5442,Agenzia di comunicazione per il turismo,"Scopri come Max Digital Innovation, agenzia di comunicazione per il turismo, trasforma destinazioni e servizi in esperienze digitali memorabili.",agenzia di comunicazione per il turismo
5448,Agenzia di comunicazione per PMI: Guida pratica per le PMI,Max Digital Innovation è l'agenzia di comunicazione per PMI che guida al successo nel mercato locale. Scopri come lavoriamo a Palermo.,agenzia di comunicazione per PMI
5453,Agenzia di comunicazione e influencer marketing,Scopri come Max Digital Innovation trasforma la pubblicità moderna con strategie di comunicazione e influencer marketing autentiche e misurabili.,agenzia di comunicazione e influencer marketing
5458,Agenzia di comunicazione efficace: Max Digital Innovation,Scopri come scegliere un'agenzia di comunicazione efficace per il tuo brand. Guida completa con consigli pratici e fattori chiave per il successo.,agenzia di comunicazione efficace
5463,Servizi di comunicazione digitale: la chiave per il,"Max Digital Innovation offre servizi di comunicazione digitale a Palermo: SEO, social media, content marketing e SEM per far crescere la tua azienda online.",servizi di comunicazione digitale
5468,Strategie di comunicazione: Identità di marca riconoscibile,Scopri come Max Digital Innovation crea strategie di comunicazione vincenti per il tuo business. Guida completa per obiettivi chiari e ROI massimizzato.,strategie di comunicazione
5473,Soluzioni per la comunicazione aziendale: strategie per far,"Soluzioni per la comunicazione aziendale: Scopri soluzioni avanzate di comunicazione aziendale per rafforzare il tuo brand, migliorare il dialogo interno.",soluzioni per la comunicazione aziendale
5478,Comunicazione e Branding: Identità di marca riconoscibile,Trasforma la tua visione in un brand di successo con max digital innovation. Strategie di comunicazione e branding efficaci per distinguerti e fidelizzare.,Comunicazione e Branding
5486,Agenzia di branding a Palermo: Max Digital Innovation,"Agenzia di branding a Palermo: Scopri come max digital innovation, agenzia di marketing a Palermo, costruisce un'identità di brand vincente e riconoscibile.",agenzia di branding a Palermo
5491,Strategie di marketing per aziende: come costruire un piano,"Strategie di marketing per aziende: Scopri le strategie di marketing più efficaci per la tua azienda: dal digitale al content marketing, SEO, social media.",strategie di marketing per aziende
5496,Consulenza per la creazione di brand: costruisci un’identità,"Consulenza per la creazione di brand: Scopri come la consulenza brand di Max Digital Innovation ti aiuta a creare un'identità aziendale unica, forte.",consulenza per la creazione di brand
5501,Creazione marchi aziendali: Guida pratica per le PMI,Creazione marchi aziendali: Scopri come max digital innovation costruisce marchi aziendali che lasciano il segno. Scopri come lavoriamo a Palermo.,creazione marchi aziendali
5506,Sviluppo e gestione del brand a Palermo,Sviluppo e gestione del brand a Palermo: Scopri come Max Digital Innovation costruisce e gestisce brand vincenti. Dalla creazione dell'identità visiva.,sviluppo e gestione del brand a Palermo
5512,Gestione reputazione online: Identità di marca riconoscibile,Gestione reputazione online: Scopri come Max Digital Innovation gestisce la reputazione online del tuo brand. Scopri come lavoriamo a Palermo.,gestione reputazione online
5517,Comunicazione per la crescita aziendale: strategie per,"Comunicazione per la crescita aziendale: Scopri come la comunicazione strategica può accelerare la crescita aziendale, migliorare la visibilità.",comunicazione per la crescita aziendale
5543,Agenzia TikTok: come sfruttare il potenziale di TikTok per,Scopri come un'agenzia TikTok come max digital innovation può catapultare il tuo brand. Scopri come lavoriamo a Palermo. Richiedi una consulenza gratuita.,agenzia TikTok
5548,Agenzie TikTok: Guida Completa per il Tuo Brand | Max,"Scopri come le agenzie TikTok, come Max Digital Innovation, potenziano il tuo brand con strategie creative, campagne mirate e analisi dati.",agenzie TikTok
5553,Crescere su TikTok: Strategie di Marketing per il Tuo Brand,Scopri come crescere su TikTok con strategie mirate di max digital innovation. Scopri come lavoriamo a Palermo. Richiedi una consulenza gratuita.,crescere su TikTok
5638,Agenzia per eventi a Palermo: come organizzare eventi,"max digital innovation: la tua agenzia per eventi a Palermo. Organizziamo eventi indimenticabili, dalla pianificazione alla promozione. Scopri i nostri.",agenzia per eventi a Palermo
5649,Organizzare eventi a Palermo: come creare esperienze,Organizzare eventi a Palermo: Scopri come organizzare eventi indimenticabili a Palermo con Max Digital Innovation. Scopri come lavoriamo a Palermo.,organizzare eventi a Palermo
5654,Eventi aziendali a Palermo: Guida pratica per le PMI,Organizza eventi aziendali indimenticabili a Palermo con Max Digital Innovation. Scopri strategie vincenti per engagement e visibilità del tuo brand.,eventi aziendali a Palermo
5659,Lancio prodotto Palermo: Guida pratica per le PMI,Lancio prodotto Palermo: Organizza un lancio prodotto di successo a Palermo con Max Digital Innovation. Scopri come lavoriamo a Palermo.,lancio prodotto Palermo
5664,Gestione eventi privati Palermo: Guida pratica per le PMI,Gestione eventi privati Palermo: Organizza eventi privati indimenticabili a Palermo con Max Digital Innovation. Scopri come lavoriamo a Palermo.,gestione eventi privati Palermo
5929,Social media manager Palermo: Strategia social che funziona,Social media manager Palermo: Scegli il Social Media Manager a Palermo ideale per il tuo brand. Scopri come lavoriamo a Palermo. Parla con i nostri esperti.,social media manager Palermo
5937,Social Media Manager per E-commerce: aumentare le vendite,"Social Media Manager per E-commerce: Scopri come un Social Media Manager specializzato può trasformare il tuo E-commerce, incrementando vendite e visibilità.",Social Media Manager per e-commerce
5941,Social Media Manager per PMI: Guida Completa | max digital,"Scopri come un Social Media Manager può rivoluzionare la tua PMI. Strategie su misura, visibilità online e crescita del brand con max digital innovation.",Social Media Manager per PMI
5946,Social media manager content marketing,Social media manager content marketing: Scopri come un Social Media Manager esperto e una strategia di Content Marketing integrata possono rivoluzionare.,social media manager content marketing
5951,Social Media Manager di Successo: Guida Completa | max,"Diventa un Social Media Manager di successo con la guida completa di max digital innovation. Impara strategie, strumenti e segreti per eccellere.",Social Media Manager di successo
5956,"Social Media Manager: Ruolo, Strategie e Successo Online","Scopri il ruolo cruciale di una Social Media Manager: dalla strategia alla creazione di contenuti, gestione campagne e analisi. Parla con i nostri esperti.",social media manager
5964,Costo Gestione Instagram: Quanto Costa un Social Media,Scopri quanto costa farsi gestire un profilo Instagram da esperti. Strategie personalizzate per la tua visibilità online con Max Digital Innovation.,Costo Gestione Instagram
6048,Errori sito web aziendale: Sito veloce e che converte,Errori sito web aziendale: Scopri i 5 errori silenziosi che molti siti web aziendali commettono e come Max Digital Innovation ti aiuta a trasformare il tuo.,errori sito web aziendale
6059,Marketing per artigiani a Palermo: Max Digital Innovation,Marketing per artigiani a Palermo: Max Digital Innovation offre strategie di marketing digitale personalizzate per artigiani a Palermo.,marketing per artigiani a Palermo
6065,Landing page per attività locali: Sito veloce e che converte,Landing page per attività locali: Massimizza le conversioni con landing page locali mirate. Scopri le strategie di Max Digital Innovation a Palermo.,landing page per attività locali
6070,Influencer marketing locale Palermo: Max Digital Innovation,Scopri come i micro-influencer locali a Palermo possono trasformare la tua strategia di marketing. Max Digital Innovation ti guida verso il successo.,influencer marketing locale Palermo
6079,Posizionamento Zero Google: Più visibilità su Google,Posizionamento Zero Google: Scopri come raggiungere la Posizione Zero su Google con le strategie SEO avanzate di Max Digital Innovation.,Posizionamento Zero Google
6086,Integrare SEO e brand identity: Più visibilità su Google,Integrare SEO e brand identity: Scopri come Max Digital Innovation integra SEO e brand identity per progetti web di successo. Aumenta visibilità e rafforza.,integrare SEO e brand identity
6091,Recensioni Google aziende Palermo: Più visibilità su Google,"Scopri con Max Digital Innovation come le recensioni Google aziende Palermo influenzano fiducia, visibilità e successo. Scopri come lavoriamo a Palermo.",recensioni Google aziende Palermo
6096,Marketing per podcast Palermo: Più visibilità su Google,Marketing per podcast Palermo: Massimizza la visibilità del tuo podcast a Palermo con le strategie SEO e di marketing audio di Max Digital Innovation.,marketing per podcast Palermo
6101,Vantaggi sito one page Palermo: Guida pratica per le PMI,Vantaggi sito one page Palermo: Scopri i veri vantaggi di un sito one page per la tua attività con Max Digital Innovation. Ideale per PMI e professionisti.,vantaggi sito one page Palermo
6106,Marketing Digitale Startup Culturali Palermo | Max Digital,Marketing Digitale Startup Culturali Palermo: Lancia la tua startup culturale a Palermo con strategie di marketing digitale mirate. Max Digital Innovation.,Marketing Digitale Startup Culturali Palermo
6111,Promozione casa vacanze Palermo: Max Digital Innovation,Promozione casa vacanze Palermo: Scopri come Max Digital Innovation può rivoluzionare la promozione della tua casa vacanze a Palermo con strategie.,promozione casa vacanze Palermo
6116,Brand Identity Artisti: Distinguersi Online | Max Digital,Brand Identity Artisti: Distinguersi Online | Max Digital: Artisti e creativi a Palermo: costruisci un'immagine digitale autentica e riconoscibile. Max.,Brand Identity Artisti: Distinguersi Online | Max Digital
6121,Marketing per librerie Palermo: Campagne che portano clienti,Valorizza la tua libreria indipendente a Palermo con strategie di marketing digitale su misura. Max Digital Innovation ti aiuta a connetterti con i lettori.,marketing per librerie palermo
6126,Marketing per associazioni Palermo: Max Digital Innovation,Marketing per associazioni Palermo: Scopri come Max Digital Innovation potenzia la visibilità e il coinvolgimento delle associazioni no profit a Palermo.,marketing per associazioni Palermo
6131,Pubblicità eventi teatrali Palermo: Guida pratica per le PMI,Riempi la sala con strategie digitali efficaci per eventi teatrali a Palermo. Max Digital Innovation: il tuo partner per il successo online.,pubblicità eventi teatrali Palermo
6136,Comunicazione per botteghe storiche Palermo,Valorizza la tua bottega storica a Palermo con Max Digital Innovation. Strategie digitali su misura per unire tradizione e visibilità online.,comunicazione per botteghe storiche Palermo
6141,Pubblicità corsi e workshop Palermo: Vendi di più online,Promuovi i tuoi corsi e workshop online con strategie di marketing digitale efficaci. Scopri come Max Digital Innovation può aumentare le tue iscrizioni.,pubblicità corsi e workshop Palermo
6146,Marketing food Palermo: Identità di marca riconoscibile,Marketing food Palermo: Promuovi il tuo food truck a Palermo con le strategie di marketing digitale su misura di Max Digital Innovation.,marketing food Palermo
6151,Marketing per laboratori analisi Palermo,Marketing per laboratori analisi Palermo: Aumenta la visibilità e la fiducia del tuo laboratorio di analisi a Palermo. Scopri le strategie digitali.,marketing per laboratori analisi Palermo
6156,Promozione scuola di musica Palermo: Max Digital Innovation,Promozione scuola di musica Palermo: Max Digital Innovation: massimizza iscrizioni e visibilità per la tua scuola di musica o danza a Palermo con strategie.,promozione scuola di musica Palermo
6161,Marketing per Sartorie e Atelier Online: Strategie su Misura,Marketing per Sartorie e Atelier Online: Scopri come Max Digital Innovation aiuta sartorie e atelier a crescere online con strategie di marketing digitale.,Marketing per Sartorie e Atelier Online
6166,Marketing per Negozi di Animali Palermo: Visibilità Online,Marketing per negozi di animali Palermo: Aumenta la visibilità del tuo pet shop a Palermo con Max Digital Innovation. Strategie mirate di marketing digitale.,marketing per negozi di animali Palermo
6175,Vendere arte online: Come Costruire una Strategia Digitale,Max Digital Innovation: la tua agenzia per vendere arte online a Palermo. Strategie digitali complete per gallerie e artisti. Scopri come lavoriamo a Palermo.,vendere arte online
6180,Marketing Ristoranti Vegani Palermo: Comunicazione di Valore,Marketing ristoranti vegani Palermo: Max Digital Innovation ti guida nel marketing per ristoranti vegani a Palermo. Scopri come lavoriamo a Palermo.,marketing ristoranti vegani Palermo
6185,Digital Strategy per Wedding Planner Palermo,Digital Strategy per Wedding Planner Palermo: Fai decollare la tua attività di wedding planner a Palermo con strategie digitali su misura. Scopri come Max.,Digital Strategy per Wedding Planner Palermo
6190,Visibilità online per professionisti Palermo,"Visibilità online per professionisti Palermo: Consulenti, psicologi e coach a Palermo: scopri come Max Digital Innovation ti aiuta a trovare nuovi clienti.",visibilità online per professionisti Palermo
6195,Vendita prodotti tipici siciliani online,Scopri come lanciare e vendere prodotti artigianali siciliani online con l'e-commerce. Max Digital Innovation ti supporta nel portare la Sicilia nel mondo.,vendita prodotti tipici siciliani online
6203,Marketing servizi benessere Palermo,Marketing servizi benessere Palermo: promuovi la tua attività online con le strategie su misura di Max Digital Innovation. Scopri come lavoriamo a Palermo.,Marketing servizi benessere Palermo
6208,Marketing per avvocati Palermo: Sito veloce e che converte,"Marketing per avvocati Palermo: Max Digital Innovation: strategie di marketing per avvocati a Palermo. Aumenta visibilità, autorevolezza e acquisisci nuovi.",marketing per avvocati Palermo
6220,Marketing per fisioterapisti Palermo: Max Digital Innovation,Marketing per fisioterapisti Palermo: Migliora la comunicazione del tuo studio di fisioterapia a Palermo con Max Digital Innovation. Strategie SEO locali.,marketing per fisioterapisti Palermo
6225,Psicologi Online: Promozione Etica e Visibilità a Palermo,Psicologi Online: Promozione Etica e Visibilità a Palermo: Max Digital Innovation supporta psicologi a Palermo con strategie di marketing digitale etiche.,Psicologi Online: Promozione Etica e Visibilità a Palermo
6230,"Marketing per Dentisti Palermo: Etica, Visibilità e Pazienti",Marketing per dentisti Palermo: Max Digital Innovation: strategie di marketing etico per dentisti a Palermo. Aumenta la visibilità online del tuo centro.,marketing per dentisti Palermo
6235,Marketing per farmacie Palermo: Sito veloce e che converte,"Marketing per farmacie Palermo: Max Digital Innovation: marketing per farmacie e parafarmacie a Palermo. Aumenta visibilità, clienti e fidelizzazione.",marketing per farmacie Palermo
6240,Marketing per logopedisti Palermo: Max Digital Innovation,Marketing per logopedisti Palermo: Scopri come Max Digital Innovation può far crescere il tuo centro logopedico a Palermo con strategie digitali.,marketing per logopedisti Palermo
6245,Marketing Nutrizionisti Palermo: Visibilità Online Efficace,"Nutrizionista a Palermo? Scopri come Max Digital Innovation potenzia la tua visibilità online con strategie SEO, content marketing e video virali.",Marketing Nutrizionisti Palermo
6250,Clinica Estetica Palermo: Digital Branding e Marketing,"Clinica Estetica Palermo: Lancia la tua clinica estetica a Palermo con strategie di digital branding, SEO, video marketing e social media. Scopri i servizi.",Clinica Estetica Palermo
6255,Marketing per veterinari Palermo: Sito veloce e che converte,Marketing per veterinari Palermo: Max Digital Innovation: strategie di marketing digitale etico per veterinari a Palermo. Aumenta la tua visibilità online.,marketing per veterinari Palermo
6260,Visibilità per ostetriche Palermo: Guida pratica per le PMI,Max Digital Innovation ti aiuta a farti scegliere online come ostetrica a Palermo. Strategie di marketing digitale su misura per il benessere femminile.,visibilità per ostetriche Palermo
6265,Marketing per podologi Palermo: Sito veloce e che converte,"Marketing per podologi Palermo: Max Digital Innovation: specialisti in marketing per podologi a Palermo. Aumenta visibilità, attira nuovi pazienti.",marketing per podologi Palermo
6273,Marketing per scuole private Palermo: Max Digital Innovation,Marketing per scuole private Palermo: Max Digital Innovation: Promuovi la tua scuola privata o centro di formazione a Palermo con strategie digitali.,marketing per scuole private Palermo
6278,Marketing per architetti Palermo: Max Digital Innovation,"Marketing per architetti Palermo: Max Digital Innovation: strategie di marketing digitale per architetti e interior designer a Palermo. Siti web, SEO, video.",marketing per architetti Palermo
6283,Vendita prodotti agricoli Palermo: Vendi di più online,"Vendita prodotti agricoli Palermo: Max Digital Innovation potenzia la tua azienda agricola a Palermo con E-commerce, SEO locale e video marketing. Valorizza.",vendita prodotti agricoli Palermo
6288,Promozione servizi pet Palermo: Guida pratica per le PMI,"Promozione servizi pet Palermo: Max Digital Innovation ti aiuta a promuovere i tuoi servizi pet a Palermo. Strategie SEO locali, social media e video.",promozione servizi pet Palermo
6294,Promozione servizi infanzia Palermo: Max Digital Innovation,Max Digital Innovation ti aiuta a promuovere i tuoi servizi per l'infanzia a Palermo. Fatti conoscere online con strategie digitali efficaci. Contattaci!,promozione servizi infanzia Palermo
6302,Marketing per Cooperative Sociali Palermo: Guida Completa,"Scopri come promuovere online la tua cooperativa sociale a Palermo con strategie SEO, video marketing e un sito web emozionale. Affidati a Max Digital.",marketing per cooperative sociali Palermo
6310,Visibilità per agenzia investigativa Palermo,Massimizza la visibilità per agenzie investigative e professionisti della sicurezza a Palermo con le strategie digitali su misura di Max Digital.,visibilità per agenzia investigativa Palermo
6315,Marketing per Traduttori e Interpreti: Trova Clienti Online,Marketing per Traduttori e Interpreti: Trova Clienti Online: Max Digital Innovation offre strategie di marketing digitale per traduttori e interpreti: siti.,Marketing per Traduttori e Interpreti: Trova Clienti Online
6347,Social Media Manager Palermo: Strategia social che funziona,Social Media Manager Palermo: Scopri come un Social Media Manager a Palermo può trasformare la tua presenza online. Scopri come lavoriamo a Palermo.,Social Media Manager Palermo
6352,Agenzia Marketing Palermo: Scegliere il Partner Giusto,Agenzia marketing Palermo: Cerca un'agenzia marketing a Palermo? Scopri come Max Digital Innovation ti aiuta a scegliere il partner ideale per far crescere.,agenzia marketing Palermo
6360,Web agency Palermo per professionisti,"Max Digital Innovation: web agency a Palermo per professionisti. Siti personalizzati, SEO, video marketing e strategie digitali su misura per la tua crescita.",web agency Palermo per professionisti
6365,TikTok & Instagram Reels Palermo: Cresci con Max Digital,TikTok & Instagram Reels Palermo: Max Digital Innovation a Palermo: sfrutta TikTok e Instagram Reels per campagne social virali. Aumenta visibilità.,TikTok & Instagram Reels Palermo
6413,Come creare video virali: 5 strategie che funzionano nel,Come creare video virali: 5 strategie che funzionano nel 2025: Scopri come creare video virali nel 2025 con 5 strategie testate da Max Digital Innovation.,come creare video virali: 5 strategie che funzionano nel 2025
6420,Guida passo-passo per realizzare contenuti che spopolano,Guida passo-passo per realizzare contenuti che spopolano sui social: Scopri la guida passo-passo di Max Digital Innovation per creare contenuti social.,guida passo-passo per realizzare contenuti che spopolano sui social
6423,Video Virali: Tecniche e Strumenti per il Successo Online,Scopri i segreti per creare video virali irresistibili! Max Digital Innovation ti guida con tecniche avanzate e strumenti efficaci per massimizzare.,video virali
6425,Video virale: Strategia social che funziona,"Trasforma un'idea in un video virale di successo con Max Digital Innovation. Scopri strategie, tecniche e strumenti SEO per conquistare i social media.",video virale
6427,Video Virali: 1 Milione di Views in 24 Ore - Max Digital,Video Virali: 1 Milione di Views in 24 Ore: Scopri i segreti dietro un video da 1 milione di visualizzazioni in 24 ore. Max Digital Innovation svela.,Video Virali: 1 Milione di Views in 24 Ore
6429,Da Zero a Virale: Strategie di Contenuto con Max Digital,"Scopri come Max Digital Innovation trasforma semplici idee in fenomeni virali. Dalla strategia alla produzione, la storia di un successo web.",Da Zero a Virale: Strategie di Contenuto con Max Digital
6432,Video Brevi: Rivoluziona la Tua Presenza Online - Max,Scopri come i video brevi possono trasformare la tua presenza online. Max Digital Innovation ti guida con strategie mirate e risultati concreti. Inizia.,video brevi
6434,Reels Irresistibili: 3 Trucchi per il Successo su Instagram,Scopri 3 trucchi efficaci per rendere i tuoi Reels irresistibili su Instagram con Max Digital Innovation. Aumenta visibilità e engagement online!,Reels Irresistibili
6436,Reels Instagram: Strategie Efficaci per Catturare,Reels Instagram: Strategie Efficaci per Catturare: Scopri le strategie definitive di Max Digital Innovation per creare Reels Instagram che spaccano.,Reels Instagram: Strategie Efficaci per Catturare
6440,Reels Virali: Il Segreto per Contenuti Condivisibili | Max,"Reels virali: Scopri il segreto per creare Reels che tutti vogliono condividere: tecniche avanzate, esempi concreti e consigli pratici firmati Max Digital.",Reels virali
6442,Video Virali: Crea il Tuo con Max Digital Innovation,Scopri le strategie di Max Digital Innovation per creare video virali che catturano l'attenzione e generano milioni di visualizzazioni. Trasforma la tua.,Video Virali
6444,TikTok Trends 2025: Video Virali e Strategie di Successo,"TikTok Trends 2025: Video Virali e Strategie di Successo: Scopri i video che stanno conquistando TikTok nel 2025. Analisi delle tendenze, dell'algoritmo.",TikTok Trends 2025: Video Virali e Strategie di Successo
6446,Challenge Virali: Strategie per Aumentare la Visibilità,Scopri come le challenge virali possono trasformare la tua strategia di marketing. Guida completa di Max Digital Innovation per aumentare coinvolgimento.,challenge virali
6448,Trend Social 2025: Strategie Virali per il Tuo Marketing,"Trend social 2025: Scopri i trend social del 2025 che funzionano davvero! Autenticità, micro-storie verticali e AI: come Max Digital Innovation trasforma.",trend social 2025
6450,Crea Contenuti Virali: Unisciti al Movimento Digitale 2025,Contenuti virali: Scopri come Max Digital Innovation ti aiuta a creare contenuti che generano coinvolgimento emotivo e guidano la conversazione.,contenuti virali
6452,Strategie SEO per Video Virali: Guida Completa Max Digital,Strategie SEO per video virali: Scopri le strategie SEO essenziali per rendere i tuoi video virali. Dalle tecniche di ottimizzazione on-page alla promozione.,Strategie SEO per video virali
6454,Parole chiave viralità video: Max Digital Innovation,Scopri come le parole chiave e la viralità creano video di successo. Max Digital Innovation trasforma la ricerca in visibilità reale per il tuo brand.,parole chiave viralità video
6456,Ottimizzare i tuoi video per i motori di ricerca nel 2025,"Scopri come ottimizzare i tuoi video per i motori di ricerca nel 2025. Dalle anteprime AI tag, dall’engagement al monitoraggio, Max Digital Innovation ti.",ottimizzare i tuoi video per i motori di ricerca nel 2025
6458,SEO per contenuti video: guida pratica per aumentare le,"SEO per contenuti video: Aumenta le visualizzazioni dei tuoi video con la SEO! Scopri le strategie di Max Digital Innovation per titoli, descrizioni.",SEO per contenuti video
6460,Strumenti Analisi Video: Migliora Performance | Max Digital,Strumenti Analisi Video: Migliora Performance: Scopri i migliori strumenti per analizzare e ottimizzare le performance dei tuoi video. Max Digital.,Strumenti Analisi Video: Migliora Performance
6463,Agenzia di comunicazione Palermo: Sito veloce e che converte,"Agenzia di comunicazione Palermo: Scopri come Max Digital Innovation, agenzia di comunicazione a Palermo, può far crescere il tuo brand nel 2025.",agenzia di comunicazione Palermo
6465,Marketing digitale Palermo: Campagne che portano clienti,Marketing digitale Palermo: Scopri i segreti del marketing digitale a Palermo con Max Digital Innovation. Scopri come lavoriamo a Palermo.,marketing digitale Palermo
6467,Max Digital Innovation: Domina i Social a Palermo,Max Digital Innovation: Domina i Social a Palermo: Vuoi dominare i social a Palermo? Affidati AI migliori. Scopri il metodo Max Digital Innovation.,Max Digital Innovation: Domina i Social a Palermo
6469,SEO e Video Virali a Palermo: Max Digital Innovation,Scopri come Max Digital Innovation rivoluziona il marketing a Palermo con SEO e video virali. Strategie innovative per la tua visibilità digitale.,SEO e video virali a Palermo
7294,Aumentare Visualizzazioni Instagram 2026: Guida Max Digital,"Scopri come aumentare le visualizzazioni su Instagram nel 2026 con le strategie di Max Digital Innovation. Ottimizza Reel, storie e post per l'algoritmo.",aumentare visualizzazioni Instagram 2026
7296,Algoritmo Instagram 2024: Guida Completa per il Successo,Algoritmo Instagram: Scopri come funziona l'algoritmo di Instagram nel 2024 e impara a sfruttarlo per aumentare la visibilità del tuo profilo.,algoritmo Instagram
7298,Strategie Instagram per far crescere un profilo aziendale,Strategie Instagram per far crescere un profilo aziendale: Scopri le strategie Instagram più efficaci per far crescere il tuo profilo aziendale. Aumenta.,Strategie Instagram per far crescere un profilo aziendale
7300,Reel non fanno visualizzazioni: Max Digital Innovation,Reel non fanno visualizzazioni: I tuoi Reel non ottengono visualizzazioni? Scopri le cause e le strategie efficaci di Max Digital Innovation per migliorare.,Reel non fanno visualizzazioni
7302,Come Finire negli Esplora di Instagram: Guida Completa 2024,Come finire negli esplora di Instagram: Scopri le strategie SEO e i segreti dell'algoritmo per far comparire i tuoi contenuti nella sezione Esplora.,come finire negli esplora di instagram
7304,Instagram per aziende: errori da evitare,"Instagram per aziende: errori da evitare: Evita gli errori comuni su Instagram per aziende. Massimizza visibilità, engagement e clienti con Max Digital.",Instagram per aziende: errori da evitare
7306,Reel virali Instagram: Strategia social che funziona,"Reel virali Instagram: Scopri come creare Reel virali su Instagram con max digital innovation. Strategie efficaci, trucchi e consigli pratici per aumentare.",Reel virali Instagram
7308,Strategie Instagram per vendere: Max Digital Innovation,"Strategie Instagram per vendere: Scopri le strategie Instagram più efficaci per aziende: ottimizzazione profilo, contenuti di valore, Reels, Storie.",strategie instagram per vendere
7310,Aumentare Engagement Instagram: Guida Completa per Aziende,Aumentare engagement Instagram: Max Digital Innovation ti guida a massimizzare l'engagement su Instagram. Scopri strategie definitive per contenuti.,aumentare engagement instagram
7312,Aumentare Visualizzazioni TikTok: Guida Completa Max Digital,"Aumentare visualizzazioni TikTok: Scopri le strategie definitive di Max Digital Innovation per aumentare le visualizzazioni su TikTok, far crescere il tuo.",aumentare visualizzazioni TikTok
7314,Algoritmo TikTok 2024: Guida Completa per il Successo,Algoritmo TikTok: Scopri i segreti dell'algoritmo di TikTok nel 2024. Massimizza visualizzazioni e follower con strategie avanzate di Max Digital Innovation.,algoritmo TikTok
7316,Video TikTok Poche Visualizzazioni? Strategie Max Digital,I tuoi video TikTok non decollano? Scopri con Max Digital Innovation le ragioni e le strategie efficaci per aumentare visualizzazioni e engagement.,video TikTok poche visualizzazioni
7318,Andare virale su TikTok: Strategia social che funziona,Scopri le strategie essenziali per far esplodere i tuoi video su TikTok. Max Digital Innovation ti guida passo dopo passo verso la viralità.,andare virale su TikTok
7320,Strategie TikTok per Aziende: Guida Completa di Max Digital,Strategie TikTok per aziende: Scopri come Max Digital Innovation può trasformare la tua presenza su TikTok. Scopri come lavoriamo a Palermo.,Strategie TikTok per aziende
7322,TikTok per negozi: Strategia social che funziona,"TikTok per negozi: Scopri se TikTok conviene davvero per il tuo negozio. Aumenta visibilità, engagement e vendite con strategie efficaci.",TikTok per negozi
7324,Quanto dura un video TikTok ideale: Max Digital Innovation,Quanto dura un video TikTok ideale: Scopri la durata ideale per i video TikTok e come l'algoritmo premia i contenuti. Consigli pratici per aumentare.,Quanto dura un video TikTok ideale
7326,Cresci su TikTok in 6 Giorni: Strategie Rapide con Max,"Scopri come far crescere il tuo profilo TikTok in soli 6 giorni con strategie pratiche di Max Digital Innovation. Ottimizza, crea e aumenta follower.",Cresci su TikTok in 6 Giorni
7329,Crescere su TikTok in 6 Giorni: Strategie per Aziende,Crescere su TikTok in 6 Giorni: Strategie per Aziende: Scopri come far crescere il tuo profilo TikTok in soli 6 giorni. Strategie professionali per aziende.,Crescere su TikTok in 6 Giorni: Strategie per Aziende
7334,Produzione video Palermo: Sito veloce e che converte,"Produzione video Palermo: Guida completa per scegliere l'agenzia giusta per la produzione video a Palermo. Scopri come esperienza, strategia e qualità.",produzione video Palermo
7337,Video aziendali Palermo: Video che fanno crescere il brand,"Scopri come i video aziendali professionali a Palermo potenziano visibilità, engagement e vendite. Max Digital Innovation: la tua agenzia di marketing.",video aziendali Palermo
7343,Video Virali Palermo: Strategie Efficaci per il Tuo Business,Scopri come la creazione di video virali a Palermo può trasformare la visibilità della tua azienda. Max Digital Innovation ti guida verso il successo.,Video Virali Palermo
7345,Produzione Video Virali Palermo | Max Digital Innovation,Produzione video virali Palermo: Max Digital Innovation è la tua agenzia a Palermo per video virali che catturano l'attenzione. Parla con i nostri esperti.,Produzione video virali Palermo
7348,Realizzazione video virali Palermo: Max Digital Innovation,Realizzazione video virali Palermo: Massimizza la visibilità del tuo brand a Palermo con video virali. Scopri come Max Digital Innovation crea contenuti.,Realizzazione video virali Palermo
7352,Video Virali Sicilia: Max Digital per il Tuo Successo Online,Video virali Sicilia: Max Digital Innovation è la tua agenzia in Sicilia per video virali. Trasforma la tua presenza online con contenuti che catturano.,video virali Sicilia
7355,Produzione Video Virali Sicilia: Strategie Efficaci con Max,Max Digital Innovation è la tua agenzia per la produzione video virali Sicilia. Aumenta visibilità e clienti con strategie social efficaci e contenuti.,Produzione video virali Sicilia
7358,Realizzazione Video Sicilia: Soluzioni Professionali,"Realizzazione video Sicilia: Max Digital Innovation offre servizi di realizzazione video professionale in Sicilia. Aumenta la tua visibilità, coinvolgi.",Realizzazione video Sicilia
7361,Produzione video virali per la tua attività Palermo,Produzione video virali per la tua attività Palermo: Max Digital Innovation crea video virali professionali a Palermo per massimizzare la tua visibilità sui.,Produzione video virali per la tua attività Palermo
7363,Realizzazione video virali Trapani: Max Digital Innovation,Max Digital Innovation a Trapani realizza video virali per la tua azienda. Aumenta visibilità e clienti con contenuti professionali e strategie efficaci.,Realizzazione video virali Trapani
7366,Produzione Video Palermo: Indispensabile per ogni Azienda,"Produzione video Palermo: Scopri come la produzione video a Palermo, offerta da Max Digital Innovation, può trasformare la tua comunicazione aziendale.",Produzione video Palermo
7368,Video promozionali Palermo: Strategia social che funziona,Video promozionali Palermo: Scopri l'efficacia dei video promozionali per la tua azienda a Palermo. Max Digital Innovation ti spiega come incrementare.,video promozionali Palermo
7372,Produzione Video Professionale Palermo: Guida Completa Max,Produzione video professionale Palermo: Max Digital Innovation: scopri come la produzione video professionale a Palermo può trasformare la tua.,Produzione video professionale Palermo
7375,Video Virali a Palermo: Guida di Max Digital Innovation,Trasforma i tuoi video in contenuti virali a Palermo con Max Digital Innovation. Strategie e consigli per catturare l'attenzione del pubblico.,Video Virali a Palermo: Guida di Max Digital Innovation
7388,Video Marketing Palermo: Crescita e Visibilità per la Tua,"Video Marketing Palermo: Scopri perché il video marketing è cruciale per ogni attività a Palermo. Aumenta visibilità, fiducia e coinvolgimento dei clienti.",Video Marketing Palermo
