URL di partenza;URL di destinazione;Motivo
/perche-un-sito-web-professionale-e-la-chiave-del-successo-per-ogni-impresa;/sito-web-professionale/;slug accorciato
/come-creare-una-strategia-di-comunicazione-digitale-efficace-per-piccole-imprese;/strategia-comunicazione-digitale-piccole-imprese/;slug accorciato
/branded-content-come-raccontare-il-tuo-brand-con-max-digital-innovation;/branded-content/;slug accorciato
/scopri-come-aumentare-posizionamento-seo-per-il-tuo-sito-web-su-google;/posizionamento-seo/;slug accorciato
/tiktok-ads-manager-guida-completa-su-come-gestire-le-tue-campagne-su-tiktok;/tiktok-ads-manager/;slug accorciato
/dem-marketing-come-usarlo-nel-2024-per-massimizzare-i-risultati;/dem-marketing/;slug accorciato
/5-consigli-preziosi-per-pubblicizzare-la-propria-azienda-a-palermo-su-google;/pubblicizzare-azienda-google-palermo/;slug accorciato
/realizzazione-siti-web-per-bb-a-palermo-hotel-motel-e-strutture-ricettive-tutto-quello-che-ce-da-sapere;/siti-web-per-b-b/;slug accorciato
/hai-bisogno-di-pubblicizzare-il-tuo-ristorante-a-palermo-ecco-come-possiamo-aiutarti;/marketing-ristoranti-palermo/;slug accorciato
/ecco-perche-un-sito-web-a-palermo-e-cosi-essenziale-per-la-tua-attivita;/sito-web-essenziale-attivita/;slug accorciato
/gestione-social-media-a-palermo-come-la-nostra-agenzia-di-comunicazione-cura-i-tuoi-social-media;/gestione-social-media-palermo-2/;slug accorciato
/loghi-per-la-tua-azienda-a-palermo-caratteristiche-e-come-crearne-uno-efficace;/logo-aziendale-palermo/;slug accorciato
/ottimizzare-la-comunicazione-grazie-allutilizzo-di-call-to-action-efficaci-per-il-tuo-sito-web-a-palermo;/cta-efficaci-guida-completa-sito-web-palermo/;slug accorciato
/11-trend-marketing-a-palermo-per-e-commerce-marketing-che-faranno-crescere-il-tuo-e-commerce;/trend-ecommerce-marketing/;slug accorciato
/come-fare-pubblicita-a-palermo-su-internet-guida-per-principianti;/pubblicita-internet-palermo/;slug accorciato
/campagne-pubblicitarie-a-palermo-la-soluzione-per-far-crescere-il-tuo-business;/campagne-pubblicitarie-palermo/;slug accorciato
/pubblicita-su-tiktok-a-palermo-come-aiutiamo-la-tua-azienda-a-crescere;/pubblicita-tiktok-palermo/;slug accorciato
/b2b-a-palermo-cosa-puo-imparare-dal-b2c-per-sfruttare-al-meglio-il-digitale;/b2b-palermo-digitale/;slug accorciato
/strategie-di-content-marketing-per-le-piccole-imprese-a-palermo;/content-marketing-palermo/;slug accorciato
/quali-sono-i-servizi-offerti-da-unagenzia-di-comunicazione-a-palermo;/agenzia-comunicazione-palermo/;slug accorciato
/le-commerce-in-italia-sta-cambiando-con-lintelligenza-artificiale;/ecommerce-ia-palermo/;slug accorciato
/il-marketing-per-attivita-locali-i-vantaggi-di-affidarsi-a-una-web-agency;/marketing-attivita-palermo/;slug accorciato
/strategie-di-marketing-di-successo-i-passi-fondamentali-per-distinguersi-nel-mercato;/brand-strategy-successo/;slug accorciato
/pubblicita-per-il-tuo-brand-a-palermo-come-differenziarsi-dalla-massa;/brand-identity/;slug accorciato
/restare-al-passo-coi-trend-e-difficile-scopri-come-unagenzia-di-comunicazione-puo-aiutarti;/agenzia-marketing-palermo/;slug accorciato
/hai-bisogno-di-uno-store-online-per-la-tua-attivita-offriamo-realizzazione-e-commerce-a-palermo;/realizzazione-ecommerce-palermo/;slug accorciato
/vendita-online-a-palermo-sui-social-unottima-vetrina-per-i-tuoi-prodotti;/vendita-online-palermo/;slug accorciato
/marketing-esperienziale-coinvolgi-il-pubblico-con-esperienze-uniche;/marketing-esperienziale-palermo/;slug accorciato
/come-scegliere-lagenzia-pubblicitaria-a-palermo-ideale-per-la-vostra-azienda;/agenzia-pubblicitaria-palermo/;slug accorciato
/10-modi-per-migliorare-la-visibilita-del-tuo-sito-web-sui-motori-di-ricerca;/migliora-visibilita-sito-web/;slug accorciato
/digital-agency-a-palermo-la-soluzione-completa-per-la-tua-presenza-online;/digital-agency-palermo/;slug accorciato
/creare-un-video-aziendale-efficace-coinvolgente-e-professionale;/video-aziendale-palermo/;slug accorciato
/rendi-la-tua-azienda-digitale-trasformazione-e-innovazione-a-palermo;/azienda-digitale-palermo/;slug accorciato
/come-migliorare-la-tua-brand-reputation-con-le-attivita-di-digital-marketing;/migliorare-reputazione-brand-palermo/;slug accorciato
/come-realizzare-un-sito-web-efficace-le-migliori-alternative-per-creare-un-percorso-di-successo-online;/creazione-sito-web-palermo/;slug accorciato
/creare-un-sito-web-a-palermo-le-caratteristiche-di-unarchitettura-efficace;/struttura-sito-web/;slug accorciato
/strategie-di-web-reputation-come-costruire-gestire-e-misurare-la-percezione-online;/web-reputation/;slug accorciato
/sognavi-un-hotel-sempre-pieno-il-web-marketing-per-il-turismo-puo-trasformare-il-tuo-sogno-in-realta;/web-marketing-hotel-palermo/;slug accorciato
/google-ai-search-la-nuova-era-della-ricerca-intelligente-e-le-opportunita-per-il-marketing;/google-search-palermo/;slug accorciato
/aumentare-le-vendite-ecommerce-non-sei-soddisfatto-della-tua-agenzia;/aumentare-vendite-ecommerce-palermo/;slug accorciato
/come-essere-in-prima-pagina-su-google-le-bugie-piu-diffuse-sulla-seo;/prima-pagina-google/;slug accorciato
/marketing-e-pubblicita-a-palermo-tutti-i-tipi-di-pubblicita-per-far-crescere-la-tua-attivita;/marketing-pubblicita-palermo/;slug accorciato
/vuoi-aprire-unattivita-a-palermo-e-non-sai-a-chi-affidarti-ecco-come-fare-gestione-marketing-attivita-a-palermo;/aprire-attivita-palermo/;slug accorciato
/la-tua-agenzia-di-marketing-a-palermo-per-una-crescita-su-misura;/agenzia-marketing-palermo-2/;slug accorciato
/non-sai-come-sponsorizzare-il-tuo-progetto-artistico-scopri-le-strategie-vincenti;/sponsorizzare-progetto-artistico/;slug accorciato
/il-partner-giusto-per-il-tuo-successo-come-trovare-uno-sponsor-affidabile-a-palermo;/sponsor-affidabile-palermo/;slug accorciato
/web-agency-a-palermo-la-guida-completa-per-far-crescere-la-tua-attivita-online;/web-agency-palermo/;slug accorciato
/copywriter-seo-per-i-social-media-perche-a-google-piace-web-agency-seo-a-palermo;/web-agency-seo-palermo/;slug accorciato
/web-agency-a-palermo-per-il-settore-immobiliare-la-chiave-per-il-successo-online;/web-agency-palermo-immobiliare/;slug accorciato
/web-agency-per-startup-a-palermo-la-tua-guida-al-successo-digitale;/web-agency-startup-palermo/;slug accorciato
/web-agency-per-e-commerce-a-palermo-come-incrementare-le-vendite-online;/web-agency-ecommerce-palermo/;slug accorciato
/web-agency-a-palermo-per-eventi-massimizza-la-partecipazione-al-tuo-evento;/web-agency-palermo-eventi/;slug accorciato
/web-agency-locale-a-palermo-la-tua-guida-per-conquistare-il-pubblico-della-citta;/web-agency-locale-palermo/;slug accorciato
/pubblicita-digitale-a-palermo-come-aumentare-la-visibilita-della-tua-attivita;/pubblicita-digitale-palermo/;slug accorciato
/creazione-siti-web-professionali-a-palermo-costruisci-la-tua-identita-digitale;/siti-web-professionali-palermo/;slug accorciato
/marketing-per-farmacie-come-aumentare-visibilita-e-fidelizzare-i-clienti;/marketing-farmacie-palermo/;slug accorciato
/marketing-digitale-a-palermo-la-chiave-per-il-successo-della-tua-attivita;/marketing-digitale-palermo/;slug accorciato
/cosa-si-intende-per-sito-web-una-guida-per-capirne-limportanza;/cosa-intende-sito-web/;slug accorciato
/quali-sono-i-siti-web-piu-visitati-scopri-le-piattaforme-piu-popolari-al-mondo;/siti-web-visitati/;slug accorciato
/che-tipi-di-siti-web-esistono-una-guida-per-scegliere-quello-giusto-per-te;/tipi-siti-web/;slug accorciato
/come-si-chiama-chi-crea-un-sito-web-scopri-la-figura-del-web-developer;/crea-sito-web/;slug accorciato
/che-cosa-fa-una-web-agency-una-guida-ai-servizi-digitali-piu-richiesti;/cosa-fa-web-agency/;slug accorciato
/quante-sono-le-web-agency-in-italia-unanalisi-del-panorama-digitale-italiano;/web-agency-italia/;slug accorciato
/quanto-guadagna-una-web-agency-analisi-dei-fattori-che-influenzano-i-ricavi;/guadagna-web-agency/;slug accorciato
/cose-unagency-scopri-il-ruolo-e-i-servizi-di-unagenzia-moderna;/cose-unagency/;slug accorciato
/cosa-si-intende-per-pubblicita-una-guida-completa-al-mondo-pubblicitario;/cosa-intende-pubblicita/;slug accorciato
/come-farsi-pubblicita-gratis-strategie-efficaci-per-aumentare-la-visibilita;/farsi-pubblicita-gratis/;slug accorciato
/qual-e-il-compito-della-pubblicita-capire-lobiettivo-e-il-valore-della-comunicazione-pubblicitaria;/compito-della-pubblicita/;slug accorciato
/quanto-si-paga-unagenzia-di-comunicazione-guida-ai-costi-dei-servizi-di-comunicazione;/costi-agenzia-comunicazione/;slug accorciato
/cosa-fa-lagenzia-di-marketing-una-guida-ai-servizi-e-al-ruolo-strategico;/agenzia-di-marketing/;slug accorciato
/che-cose-unazienda-di-marketing-scopri-il-motore-del-successo-aziendale;/azienda-di-marketing/;slug accorciato
/3-tipi-di-marketing-a-palermo-scopri-le-strategie-per-il-successo-della-tua-attivita;/marketing-a-palermo/;slug accorciato
/che-lavoro-fa-il-marketing-il-motore-che-trasforma-idee-in-successo;/lavoro-fa-marketing/;slug accorciato
/come-fare-unottima-pubblicita-strategie-vincenti-per-il-tuo-successo;/ottima-pubblicita/;slug accorciato
/dove-fare-pubblicita-a-basso-costo-scopri-le-migliori-strategie-economiche-per-promuovere-la-tua-attivita;/pubblicita-basso-costo/;slug accorciato
/quale-pubblicita-funziona-di-piu-scopri-le-strategie-piu-efficaci-per-il-tuo-business;/pubblicita-efficace-strategie-business/;slug accorciato
/come-iniziare-a-fare-digital-marketing-guida-pratica-per-chi-vuole-emergere-online;/iniziare-digital-marketing/;slug accorciato
/portfolio-fotografico-online-cose-e-perche-e-importante-crearlo;/portfolio-fotografico-online/;slug accorciato
/rispondere-alle-recensioni-con-lai-la-nuova-frontiera-dellautomazione;/rispondere-recensioni-lai/;slug accorciato
/come-creare-sondaggi-online-e-raggiungere-il-tuo-pubblico-in-modo-efficace;/creare-sondaggi-online/;slug accorciato
/come-ridurre-peso-delle-foto-consigli-pratici-per-immagini-piu-leggere;/ridurre-peso-foto/;slug accorciato
/cosa-fa-un-ufficio-di-comunicazione-scopri-il-cuore-della-strategia-aziendale;/ufficio-di-comunicazione/;slug accorciato
/come-si-chiama-chi-si-occupa-di-comunicazione-scopri-i-ruoli-e-le-competenze-di-questi-professionisti;/chi-si-occupa-di-comunicazione/;slug accorciato
/come-trovare-unagenzia-di-comunicazione-consigli-per-scegliere-il-partner-giusto;/agenzia-di-comunicazione/;slug accorciato
/scegliere-la-giusta-agenzia-di-comunicazione-consigli-e-strategie-per-trovare-il-partner-ideale;/scegliere-agenzia-comunicazione/;slug accorciato
/come-sfruttare-al-meglio-i-test-a-b-per-aumentare-le-conversioni;/test-a-b-conversioni/;slug accorciato
/come-creare-un-podcast-aziendale-per-migliorare-il-posizionamento-del-brand;/podcast-aziendale/;slug accorciato
/come-trovare-il-co-founder-perfetto-per-la-tua-startup-e-lo-sponsor-ideale-per-la-tua-crescita;/sponsor-ideale-tua-startup/;slug accorciato
/i-migliori-formati-banner-per-ottimizzare-le-tue-campagne-pubblicitarie;/formati-banner/;slug accorciato
/come-crescere-su-instagram-8-tattiche-per-sfruttare-lalgoritmo-e-aumentare-lengagement;/crescere-su-instagram/;slug accorciato
/tiktok-adv-o-instagram-adv-qual-e-la-piattaforma-migliore-per-la-tua-campagna-online;/tiktok-adv-instagram-adv/;slug accorciato
/la-potenza-dei-micro-influencer-e-il-loro-impatto-online-per-le-aziende;/micro-influencer-aziende/;slug accorciato
/black-friday-2024-come-preparare-il-tuo-e-commerce-a-palermo-per-massimizzare-le-vendite;/black-friday-2024-palermo-ecommerce/;slug accorciato
/integrazione-di-piattaforme-tiktok-e-commerce-un-nuovo-orizzonte-per-i-commercianti-a-palermo;/tiktok-ecommerce-palermo/;slug accorciato
/quanto-e-importante-il-feedback-dei-clienti-per-migliorare-il-tuo-business;/feedback-clienti/;slug accorciato
/la-gen-z-e-il-nuovo-percorso-di-acquisto-come-adattare-la-tua-strategia-di-marketing;/gen-strategie-marketing-nuovo-percorso/;slug accorciato
/tutti-i-vantaggi-di-scegliere-una-web-agency-per-il-tuo-business;/vantaggi-scegliere-web-agency/;slug accorciato
/il-diario-segreto-di-una-web-agency-storie-di-successi-digitali;/diario-web-agency/;slug accorciato
/il-laboratorio-creativo-di-una-web-agency-dove-nascono-le-idee;/laboratorio-creativo-max-digital-innovation/;slug accorciato
/agenzia-di-comunicazione-digitale-il-futuro-della-promozione-online;/agenzia-comunicazione-digitale/;slug accorciato
/agenzia-di-comunicazione-creativa-idee-e-strategie-per-il-tuo-brand;/agenzia-comunicazione-creativa/;slug accorciato
/agenzia-di-comunicazione-visiva-come-catturare-lattenzione-del-pubblico;/agenzia-comunicazione-visiva/;slug accorciato
/agenzia-di-comunicazione-strategica-come-pianificare-il-successo;/agenzia-comunicazione-strategica/;slug accorciato
/agenzia-di-comunicazione-per-eventi-trasformare-ogni-occasione-in-opportunita-di-successo;/agenzia-comunicazione-eventi/;slug accorciato
/agenzia-di-comunicazione-per-e-commerce-vendere-di-piu-online;/agenzia-comunicazione-ecommerce/;slug accorciato
/come-raggiungere-al-meglio-il-proprio-pubblico-strategie-efficaci-per-comunicare-con-successo;/raggiungere-proprio-pubblico/;slug accorciato
/migliorare-lindicizzazione-su-google-strategie-efficaci-per-scalare-la-serp;/migliorare-indicizzazione-google/;slug accorciato
/progettare-un-packaging-efficace-guida-per-valorizzare-il-tuo-prodotto;/packaging-efficace/;slug accorciato
/la-penna-magica-di-unagenzia-di-comunicazione-il-potere-dello-storytelling-che-emoziona-e-conquista;/agenzia-comunicazione-storytelling/;slug accorciato
/larte-della-comunicazione-di-lusso-strategie-esclusive-per-conquistare-clienti-premium;/agenzia-comunicazione-lusso/;slug accorciato
/viaggi-nellera-digitale-come-unagenzia-di-comunicazione-trasforma-il-turismo-in-emozione;/agenzia-comunicazione-turismo/;slug accorciato
/strategie-su-misura-come-unagenzia-di-comunicazione-per-pmi-guida-al-successo-nel-mercato-locale;/agenzia-comunicazione-pmi/;slug accorciato
/come-unagenzia-di-comunicazione-e-influencer-marketing-trasforma-la-pubblicita-moderna;/agenzia-comunicazione-influencer-marketing/;slug accorciato
/come-scegliere-unagenzia-di-comunicazione-efficace-la-guida-per-il-successo-del-tuo-brand;/agenzia-comunicazione-efficace/;slug accorciato
/servizi-di-comunicazione-digitale-la-chiave-per-il-successo-nel-mondo-online;/servizi-comunicazione-digitale/;slug accorciato
/creazione-di-strategie-di-comunicazione-guida-per-un-successo-garantito;/strategie-di-comunicazione/;slug accorciato
/soluzioni-per-la-comunicazione-aziendale-strategie-per-far-crescere-il-tuo-brand;/soluzioni-comunicazione-aziendale/;slug accorciato
/esperti-in-comunicazione-e-branding-il-segreto-per-un-brand-di-successo;/comunicazione-e-branding/;slug accorciato
/branding-da-sogno-come-unagenzia-di-comunicazione-costruisce-unidentita-vincente;/agenzia-branding-palermo/;slug accorciato
/strategie-di-marketing-per-aziende-come-costruire-un-piano-di-successo;/strategie-marketing-aziende/;slug accorciato
/consulenza-per-la-creazione-di-brand-costruisci-unidentita-vincente;/consulenza-creazione-brand/;slug accorciato
/creazione-di-marchi-aziendali-come-costruire-unidentita-forte-e-riconoscibile;/creazione-marchi-aziendali/;slug accorciato
/come-costruire-un-marchio-di-successo-con-lo-sviluppo-e-gestione-del-brand-a-palermo;/sviluppo-gestione-brand-palermo/;slug accorciato
/gestione-della-reputazione-online-come-proteggere-e-migliorare-limmagine-del-tuo-brand;/gestione-reputazione-online/;slug accorciato
/comunicazione-per-la-crescita-aziendale-strategie-per-raggiungere-il-successo;/comunicazione-crescita-aziendale/;slug accorciato
/agenzia-tiktok-come-sfruttare-il-potenziale-di-tiktok-per-il-tuo-brand;/agenzia-tiktok/;slug accorciato
/come-funzionano-le-agenzie-su-tiktok-scopri-come-potenziare-il-tuo-brand;/agenzie-tiktok/;slug accorciato
/come-si-fa-a-crescere-su-tiktok-strategie-per-aumentare-visibilita-e-engagement;/crescere-su-tiktok/;slug accorciato
/agenzia-per-eventi-a-palermo-come-organizzare-eventi-indimenticabili;/agenzia-eventi-palermo/;slug accorciato
/organizzare-eventi-a-palermo-come-creare-esperienze-indimenticabili;/organizzare-eventi-palermo/;slug accorciato
/come-organizzare-eventi-aziendali-di-successo-strategie-vincenti-per-il-tuo-business;/eventi-aziendali-palermo/;slug accorciato
/come-realizzare-un-evento-di-lancio-prodotto-di-successo-a-palermo;/lancio-prodotto-palermo/;slug accorciato
/come-gestire-eventi-privati-con-successo-dalla-festa-di-compleanno-a-eventi-esclusivi;/gestione-eventi-privati-palermo/;slug accorciato
/social-media-manager-a-palermo-come-scegliere-il-professionista-giusto-per-il-tuo-brand;/social-media-manager-palermo/;slug accorciato
/social-media-manager-per-e-commerce-aumentare-le-vendite-con-strategie-mirate;/social-media-manager-ecommerce/;slug accorciato
/il-ruolo-di-un-social-media-manager-nelle-piccole-e-medie-imprese;/social-media-manager-pmi/;slug accorciato
/come-il-social-media-manager-puo-potenziare-la-tua-strategia-di-content-marketing;/social-media-manager-content-marketing/;slug accorciato
/come-diventare-un-social-media-manager-di-successo-guida-passo-dopo-passo;/social-media-manager-successo/;slug accorciato
/5-errori-silenziosi-che-stai-commettendo-nel-tuo-sito-web-aziendale;/errori-sito-web-aziendale/;slug accorciato
/strategie-digitali-per-artigiani-locali-come-vendere-di-piu-online-marketing;/marketing-artigiani-palermo/;slug accorciato
/il-potere-delle-landing-page-per-attivita-locali-converti-i-clienti-della-tua-citta;/landing-page-attivita-locali/;slug accorciato
/micro-influencer-locale-come-usarli-per-far-crescere-la-tua-azienda-marketing-palermo;/influencer-marketing-locale-palermo/;slug accorciato
/leffetto-domino-delle-recensioni-online-per-le-attivita-locali;/recensioni-google-aziende-palermo/;slug accorciato
/strategie-digitali-per-chi-apre-una-start-up-culturale-a-palermo;/marketing-digitale-startup-culturali-palermo/;slug accorciato
/come-promuovere-la-tua-casa-vacanze-con-il-marketing-locale-digitale;/promozione-casa-vacanze-palermo/;slug accorciato
/brand-identity-per-artisti-e-creativi-distinguersi-online-in-modo-autentico;/brand-identity-artisti-distinguersi-online-max-digital/;slug accorciato
/comunicazione-digitale-per-associazioni-no-profit-come-farsi-conoscere;/marketing-associazioni-palermo/;slug accorciato
/digitale-e-tradizione-come-promuovere-botteghe-storiche-con-nuove-strategie-comunicazione;/comunicazione-botteghe-storiche-palermo/;slug accorciato
/formazione-online-come-promuovere-il-tuo-corso-o-workshop-sul-web;/pubblicita-corsi-workshop-palermo/;slug accorciato
/digital-strategy-per-laboratori-di-analisi-come-farsi-scegliere-online;/marketing-laboratori-analisi-palermo/;slug accorciato
/come-comunicare-online-per-una-scuola-di-musica-o-danza-a-palermo;/promozione-scuola-musica-palermo/;slug accorciato
/come-far-crescere-una-sartoria-o-atelier-online-strategie-su-misura;/marketing-sartorie-atelier-online/;slug accorciato
/pet-business-come-farsi-conoscere-online-con-una-comunicazione-mirata;/marketing-negozi-animali-palermo/;slug accorciato
/vendere-arte-online-come-costruire-una-strategia-digitale-per-gallerie-e-artisti;/vendere-arte-online/;slug accorciato
/ristorazione-vegetariana-e-vegana-come-comunicare-i-tuoi-valori-online;/marketing-ristoranti-vegani-palermo/;slug accorciato
/digital-strategy-per-wedding-planner-e-servizi-per-eventi-privati;/digital-strategy-wedding-planner-palermo/;slug accorciato
/consulenti-psicologi-e-coach-come-trovare-clienti-online-a-palermo;/visibilita-online-professionisti-palermo/;slug accorciato
/servizi-alla-persona-promuovere-online-estetiste-massaggiatori-e-parrucchieri;/marketing-servizi-benessere-palermo/;slug accorciato
/digital-branding-per-studi-legali-e-professionisti-del-diritto;/marketing-avvocati-palermo/;slug accorciato
/psicologi-online-come-promuoversi-nel-rispetto-della-deontologia;/psicologi-online-promozione-etica-visibilita-palermo/;slug accorciato
/come-promuovere-un-centro-odontoiatrico-sul-web-senza-perdere-serieta;/marketing-dentisti-palermo/;slug accorciato
/farmacie-e-parafarmacie-strategie-locali-per-aumentare-la-clientela;/marketing-farmacie-palermo-2/;slug accorciato
/come-far-crescere-un-centro-logopedico-con-il-supporto-digitale;/marketing-logopedisti-palermo/;slug accorciato
/visibilita-online-per-nutrizionisti-e-biologi-cosa-funziona-davvero;/marketing-nutrizionisti-palermo/;slug accorciato
/come-lanciare-una-clinica-estetica-digital-branding-per-la-bellezza;/clinica-estetica-palermo/;slug accorciato
/servizi-veterinari-come-raggiungere-piu-clienti-online-in-modo-etico;/marketing-veterinari-palermo/;slug accorciato
/come-farsi-scegliere-online-come-ostetrica-o-operatore-del-benessere-femminile;/visibilita-ostetriche-palermo/;slug accorciato
/digital-strategy-per-studi-di-podologia-e-professionisti-del-piede;/marketing-podologi-palermo/;slug accorciato
/come-promuovere-online-una-scuola-privata-o-centro-di-formazione-a-palermo;/marketing-scuole-private-palermo/;slug accorciato
/comunicazione-per-architetti-e-interior-designer-il-progetto-parte-dal-web;/marketing-architetti-palermo/;slug accorciato
/come-far-crescere-unazienda-agricola-con-e-commerce-e-promozione-locale;/vendita-prodotti-agricoli-palermo/;slug accorciato
/pet-sitter-e-pensioni-per-animali-come-attirare-piu-clienti-online;/promozione-servizi-pet-palermo/;slug accorciato
/servizi-per-linfanzia-come-farsi-conoscere-online-come-baby-sitter-o-tata-qualificata;/promozione-servizi-infanzia-palermo/;slug accorciato
/digital-strategy-per-agenzie-investigative-e-professionisti-della-sicurezza;/visibilita-agenzia-investigativa-palermo/;slug accorciato
/comunicazione-per-traduttori-e-interpreti-come-trovare-clienti-online;/marketing-traduttori-interpreti-trova-clienti-online/;slug accorciato
/social-media-manager-a-palermo-quanto-conta-davvero-per-unazienda-locale;/social-media-manager-palermo-2/;slug accorciato
/agenzia-marketing-a-palermo-come-sceglierne-una-adatta-alla-tua-attivita;/agenzia-marketing-palermo-3/;slug accorciato
/web-agency-a-palermo-per-professionisti-siti-e-strategie-personalizzate;/web-agency-palermo-professionisti/;slug accorciato
/tiktok-e-instagram-reels-perche-ogni-impresa-a-palermo-deve-sfruttarli-ora;/tiktok-instagram-reels-palermo/;slug accorciato
/scopri-come-un-semplice-video-ha-raggiunto-1-milione-di-visualizzazioni-in-24-ore;/video-virali-milione-views-24-ore/;slug accorciato
/da-zero-a-virale-la-storia-di-un-contenuto-che-ha-conquistato-il-web;/zero-virale-strategie-contenuto-max-digital/;slug accorciato
/challenge-virali-come-sfruttarle-per-aumentare-la-tua-visibilita;/challenge-virali/;slug accorciato
/parole-chiave-e-viralita-il-connubio-perfetto-per-i-tuoi-video;/parole-chiave-viralita-video/;slug accorciato
/come-ottimizzare-i-tuoi-video-per-i-motori-di-ricerca-nel-2025;/ottimizzare-tuoi-video-motori-ricerca-2025/;slug accorciato
/seo-per-contenuti-video-guida-pratica-per-aumentare-le-visualizzazioni;/seo-contenuti-video/;slug accorciato
/i-migliori-strumenti-per-analizzare-e-migliorare-la-performance-dei-tuoi-video;/strumenti-analisi-video-migliora-performance/;slug accorciato
/agenzia-di-comunicazione-a-palermo-come-far-crescere-il-tuo-brand-nel-2025;/agenzia-comunicazione-palermo-2/;slug accorciato
/i-segreti-del-marketing-digitale-a-palermo-scopri-la-nostra-agenzia;/marketing-digitale-palermo-2/;slug accorciato
/seo-e-video-virali-a-palermo-come-max-digital-innovation-sta-cambiando-le-regole;/seo-video-virali-palermo/;slug accorciato
/produzione-video-palermo-perche-oggi-e-indispensabile-per-ogni-azienda;/produzione-video-palermo-2/;slug accorciato
/video-promozionali-per-la-tua-azienda-palermo-funzionano-davvero;/video-promozionali-palermo/;slug accorciato
/produzione-video-professionale-palermo-tutto-quello-che-devi-sapere;/produzione-video-professionale-palermo/;slug accorciato
/come-trasformare-un-semplice-video-in-un-contenuto-virale-a-palermo;/video-virali-palermo-guida-max-digital-innovation/;slug accorciato
/gestione-social-media-presenza-online/;/gestione-social-media-palermo/;contenuto eliminato
/gestione-social-media-a-palermo-come-la-nostra-agenzia-di-comunicazione-cura-i-tuoi-social-media/;/gestione-social-media-per-la-tua-attivita/;contenuto accorpato
/quali-sono-i-servizi-offerti-da-unagenzia-di-comunicazione-a-palermo/;/agenzia-di-comunicazione-a-palermo-come-far-crescere-il-tuo-brand-nel-2025/;contenuto accorpato
/restare-al-passo-coi-trend-e-difficile-scopri-come-unagenzia-di-comunicazione-puo-aiutarti/;/la-tua-agenzia-di-marketing-a-palermo-per-una-crescita-su-misura/;contenuto accorpato
/hai-bisogno-di-uno-store-online-per-la-tua-attivita-offriamo-realizzazione-e-commerce-a-palermo/;/realizzazione-e-commerce-palermo/;contenuto eliminato
/web-agency-a-palermo-per-creare-un-sito-professionale/;/web-agency-a-palermo-il-design-che-parte-dal-brand/;contenuto accorpato
/web-agency-a-palermo-la-guida-completa-per-far-crescere-la-tua-attivita-online/;/web-agency-a-palermo-il-design-che-parte-dal-brand/;contenuto accorpato
/marketing-digitale-a-palermo-la-chiave-per-il-successo-della-tua-attivita/;/i-segreti-del-marketing-digitale-a-palermo-scopri-la-nostra-agenzia/;contenuto accorpato
/perche-hai-bisogno-di-un-social-media-manager-a-palermo/;/social-media-manager-a-palermo-come-scegliere-il-professionista-giusto-per-il-tuo-brand/;contenuto accorpato
/farmacie-e-parafarmacie-strategie-locali-per-aumentare-la-clientela/;/marketing-per-farmacie-come-aumentare-visibilita-e-fidelizzare-i-clienti/;contenuto accorpato
/social-media-manager-a-palermo-quanto-conta-davvero-per-unazienda-locale/;/social-media-manager-a-palermo-come-scegliere-il-professionista-giusto-per-il-tuo-brand/;contenuto accorpato
/agenzia-marketing-a-palermo-come-sceglierne-una-adatta-alla-tua-attivita/;/la-tua-agenzia-di-marketing-a-palermo-per-una-crescita-su-misura/;contenuto accorpato
/come-trasformare-unidea-in-un-video-virale-di-successo/;/i-segreti-dei-video-virali-tecniche-e-strumenti-da-conoscere/;contenuto eliminato
/scopri-come-un-semplice-video-ha-raggiunto-1-milione-di-visualizzazioni-in-24-ore/;/i-segreti-dei-video-virali-tecniche-e-strumenti-da-conoscere/;contenuto eliminato
/scopri-strategie-efficaci-per-creare-reels/;/3-trucchi-per-rendere-i-tuoi-reels-irresistibili/;contenuto eliminato
/produzione-video-a-palermo-come-scegliere-lagenzia-giusta/;/produzione-video-palermo-perche-oggi-e-indispensabile-per-ogni-azienda/;contenuto accorpato
